Rank,RawName,Gold,Silver,Bronze,Total,Year,IOC_Code,Medals,imfGDP,Host_Flag
1,United States,11,7,2,20,1896,USA,20,28781100000000.0,0
2,Greece,10,18,19,47,1896,GRE,47,250276000000.0,1
3,Germany,6,5,2,13,1896,GER,13,4591100000000.0,0
4,France,5,4,2,11,1896,FRA,11,3130010000000.0,0
4,France,5,4,2,11,1896,FRA,11,0.0,0
4,France,5,4,2,11,1896,FRA,11,0.0,0
5,Great Britain,2,3,2,7,1896,GBR,7,3495260000000.0,0
5,Great Britain,2,3,2,7,1896,GBR,7,564020000000.0,0
5,Great Britain,2,3,2,7,1896,GBR,7,0.0,0
5,Great Britain,2,3,2,7,1896,GBR,7,0.0,0
5,Great Britain,2,3,2,7,1896,GBR,7,0.0,0
6,Hungary,2,1,3,6,1896,HUN,6,223413000000.0,0
7,Austria,2,1,2,5,1896,AUT,5,540887000000.0,0
8,Australia,2,0,0,2,1896,AUS,2,1790350000000.0,0
9,Denmark,1,2,3,6,1896,DEN,6,409989000000.0,0
9,Denmark,1,2,3,6,1896,DEN,6,0.0,0
10,Switzerland,1,2,0,3,1896,SUI,3,938458000000.0,0
1,France,27,39,37,103,1900,FRA,103,3130010000000.0,1
1,France,27,39,37,103,1900,FRA,103,0.0,1
1,France,27,39,37,103,1900,FRA,103,0.0,1
2,United States,19,14,15,48,1900,USA,48,28781100000000.0,0
3,Great Britain,15,7,9,31,1900,GBR,31,3495260000000.0,0
3,Great Britain,15,7,9,31,1900,GBR,31,564020000000.0,0
3,Great Britain,15,7,9,31,1900,GBR,31,0.0,0
3,Great Britain,15,7,9,31,1900,GBR,31,0.0,0
3,Great Britain,15,7,9,31,1900,GBR,31,0.0,0
5,Belgium,6,7,4,17,1900,BEL,17,655192000000.0,0
6,Switzerland,6,2,1,9,1900,SUI,9,938458000000.0,0
7,Germany,4,3,2,9,1900,GER,9,4591100000000.0,0
8,Italy,3,2,0,5,1900,ITA,5,2328030000000.0,0
9,Australia,2,0,3,5,1900,AUS,5,1790350000000.0,0
10,Denmark,1,3,2,6,1900,DEN,6,409989000000.0,0
10,Denmark,1,3,2,6,1900,DEN,6,0.0,0
11,Hungary,1,2,2,5,1900,HUN,5,223413000000.0,0
12,Cuba,1,1,0,2,1900,CUB,2,0.0,0
13,Canada,1,0,1,2,1900,CAN,2,2242180000000.0,0
14,Spain,1,0,0,1,1900,ESP,1,1647110000000.0,0
14,Luxembourg,1,0,0,1,1900,LUX,1,88556000000.0,0
16,Austria,0,3,3,6,1900,AUT,6,540887000000.0,0
17,Norway,0,2,3,5,1900,NOR,5,526951000000.0,0
17,Netherlands,0,2,3,5,1900,NED,5,1142510000000.0,0
17,Netherlands,0,2,3,5,1900,NED,5,0.0,0
17,Netherlands,0,2,3,5,1900,NED,5,0.0,0
19,India,0,2,0,2,1900,IND,2,3937010000000.0,0
20,Bohemia,0,1,1,2,1900,CZE,2,325880000000.0,0
21,Sweden,0,0,1,1,1900,SWE,1,623048000000.0,0
1,United States,76,78,77,231,1904,USA,231,28781100000000.0,1
2,Germany,4,5,6,15,1904,GER,15,4591100000000.0,0
3,Canada,4,1,1,6,1904,CAN,6,2242180000000.0,0
4,Cuba,3,0,0,3,1904,CUB,3,0.0,0
5,Hungary,2,1,1,4,1904,HUN,4,223413000000.0,0
7,Norway,2,0,0,2,1904,NOR,2,526951000000.0,0
8,Austria,1,1,1,3,1904,AUT,3,540887000000.0,0
9,Great Britain,1,1,0,2,1904,GBR,2,3495260000000.0,0
9,Great Britain,1,1,0,2,1904,GBR,2,564020000000.0,0
9,Great Britain,1,1,0,2,1904,GBR,2,0.0,0
9,Great Britain,1,1,0,2,1904,GBR,2,0.0,0
9,Great Britain,1,1,0,2,1904,GBR,2,0.0,0
10,Switzerland,1,0,2,3,1904,SUI,3,938458000000.0,0
11,Greece,1,0,1,2,1904,GRE,2,250276000000.0,0
12,Australia,0,3,1,4,1904,AUS,4,1790350000000.0,0
13,France,0,1,0,1,1904,FRA,1,3130010000000.0,0
13,France,0,1,0,1,1904,FRA,1,0.0,0
13,France,0,1,0,1,1904,FRA,1,0.0,0
1,Great Britain,56,51,39,146,1908,GBR,146,3495260000000.0,1
1,Great Britain,56,51,39,146,1908,GBR,146,564020000000.0,1
1,Great Britain,56,51,39,146,1908,GBR,146,0.0,1
1,Great Britain,56,51,39,146,1908,GBR,146,0.0,1
1,Great Britain,56,51,39,146,1908,GBR,146,0.0,1
2,United States,23,12,12,47,1908,USA,47,28781100000000.0,0
3,Sweden,8,6,11,25,1908,SWE,25,623048000000.0,0
4,France,5,5,9,19,1908,FRA,19,3130010000000.0,0
4,France,5,5,9,19,1908,FRA,19,0.0,0
4,France,5,5,9,19,1908,FRA,19,0.0,0
5,Germany,3,5,5,13,1908,GER,13,4591100000000.0,0
6,Hungary,3,4,2,9,1908,HUN,9,223413000000.0,0
7,Canada,3,3,10,16,1908,CAN,16,2242180000000.0,0
8,Norway,2,3,3,8,1908,NOR,8,526951000000.0,0
9,Italy,2,2,0,4,1908,ITA,4,2328030000000.0,0
10,Belgium,1,5,2,8,1908,BEL,8,655192000000.0,0
13,Finland,1,1,3,5,1908,FIN,5,308055000000.0,0
14,South Africa,1,1,0,2,1908,RSA,2,373233000000.0,0
15,Greece,0,3,1,4,1908,GRE,4,250276000000.0,0
16,Denmark,0,2,3,5,1908,DEN,5,409989000000.0,0
16,Denmark,0,2,3,5,1908,DEN,5,0.0,0
17,Bohemia,0,0,2,2,1908,CZE,2,325880000000.0,0
17,Netherlands,0,0,2,2,1908,NED,2,1142510000000.0,0
17,Netherlands,0,0,2,2,1908,NED,2,0.0,0
17,Netherlands,0,0,2,2,1908,NED,2,0.0,0
19,Austria,0,0,1,1,1908,AUT,1,540887000000.0,0
1,United States,26,19,19,64,1912,USA,64,28781100000000.0,0
2,Sweden,23,25,17,65,1912,SWE,65,623048000000.0,1
3,Great Britain,10,15,16,41,1912,GBR,41,3495260000000.0,0
3,Great Britain,10,15,16,41,1912,GBR,41,564020000000.0,0
3,Great Britain,10,15,16,41,1912,GBR,41,0.0,0
3,Great Britain,10,15,16,41,1912,GBR,41,0.0,0
3,Great Britain,10,15,16,41,1912,GBR,41,0.0,0
4,Finland,9,8,9,26,1912,FIN,26,308055000000.0,0
5,France,7,4,3,14,1912,FRA,14,3130010000000.0,0
5,France,7,4,3,14,1912,FRA,14,0.0,0
5,France,7,4,3,14,1912,FRA,14,0.0,0
6,Germany,5,13,7,25,1912,GER,25,4591100000000.0,0
7,South Africa,4,2,0,6,1912,RSA,6,373233000000.0,0
8,Norway,3,2,5,10,1912,NOR,10,526951000000.0,0
9,Canada,3,2,3,8,1912,CAN,8,2242180000000.0,0
9,Hungary,3,2,3,8,1912,HUN,8,223413000000.0,0
11,Italy,3,1,2,6,1912,ITA,6,2328030000000.0,0
13,Belgium,2,1,3,6,1912,BEL,6,655192000000.0,0
14,Denmark,1,6,5,12,1912,DEN,12,409989000000.0,0
14,Denmark,1,6,5,12,1912,DEN,12,0.0,0
15,Greece,1,0,1,2,1912,GRE,2,250276000000.0,0
17,Austria,0,2,2,4,1912,AUT,4,540887000000.0,0
18,Netherlands,0,0,3,3,1912,NED,3,1142510000000.0,0
18,Netherlands,0,0,3,3,1912,NED,3,0.0,0
18,Netherlands,0,0,3,3,1912,NED,3,0.0,0
1,United States,41,27,27,95,1920,USA,95,28781100000000.0,0
2,Sweden,19,20,25,64,1920,SWE,64,623048000000.0,0
3,Finland,15,10,9,34,1920,FIN,34,308055000000.0,0
4,Great Britain,14,15,13,42,1920,GBR,42,3495260000000.0,0
4,Great Britain,14,15,13,42,1920,GBR,42,564020000000.0,0
4,Great Britain,14,15,13,42,1920,GBR,42,0.0,0
4,Great Britain,14,15,13,42,1920,GBR,42,0.0,0
4,Great Britain,14,15,13,42,1920,GBR,42,0.0,0
5,Belgium,14,11,11,36,1920,BEL,36,655192000000.0,1
6,Norway,13,9,9,31,1920,NOR,31,526951000000.0,0
7,Italy,13,5,5,23,1920,ITA,23,2328030000000.0,0
8,France,9,19,13,41,1920,FRA,41,3130010000000.0,0
8,France,9,19,13,41,1920,FRA,41,0.0,0
8,France,9,19,13,41,1920,FRA,41,0.0,0
9,Netherlands,4,2,5,11,1920,NED,11,1142510000000.0,0
9,Netherlands,4,2,5,11,1920,NED,11,0.0,0
9,Netherlands,4,2,5,11,1920,NED,11,0.0,0
10,Denmark,3,9,1,13,1920,DEN,13,409989000000.0,0
10,Denmark,3,9,1,13,1920,DEN,13,0.0,0
11,South Africa,3,4,3,10,1920,RSA,10,373233000000.0,0
12,Canada,3,3,3,9,1920,CAN,9,2242180000000.0,0
13,Switzerland,2,2,7,11,1920,SUI,11,938458000000.0,0
14,Estonia,1,2,0,3,1920,EST,3,43486000000.0,0
15,Brazil,1,1,1,3,1920,BRA,3,2331390000000.0,0
16,Australia,0,2,1,3,1920,AUS,3,1790350000000.0,0
17,Japan,0,2,0,2,1920,JPN,2,4110450000000.0,0
17,Spain,0,2,0,2,1920,ESP,2,1647110000000.0,0
19,Greece,0,1,0,1,1920,GRE,1,250276000000.0,0
19,Luxembourg,0,1,0,1,1920,LUX,1,88556000000.0,0
21,Czechoslovakia,0,0,2,2,1920,CZE,2,325880000000.0,0
22,New Zealand,0,0,1,1,1920,NZL,1,257626000000.0,0
1,United States,45,27,27,99,1924,USA,99,28781100000000.0,0
2,Finland,14,13,10,37,1924,FIN,37,308055000000.0,0
3,France,13,15,10,38,1924,FRA,38,3130010000000.0,1
3,France,13,15,10,38,1924,FRA,38,0.0,1
3,France,13,15,10,38,1924,FRA,38,0.0,1
4,Great Britain,9,13,12,34,1924,GBR,34,3495260000000.0,0
4,Great Britain,9,13,12,34,1924,GBR,34,564020000000.0,0
4,Great Britain,9,13,12,34,1924,GBR,34,0.0,0
4,Great Britain,9,13,12,34,1924,GBR,34,0.0,0
4,Great Britain,9,13,12,34,1924,GBR,34,0.0,0
5,Italy,8,3,5,16,1924,ITA,16,2328030000000.0,0
6,Switzerland,7,8,10,25,1924,SUI,25,938458000000.0,0
7,Norway,5,2,3,10,1924,NOR,10,526951000000.0,0
8,Sweden,4,13,12,29,1924,SWE,29,623048000000.0,0
9,Netherlands,4,1,5,10,1924,NED,10,1142510000000.0,0
9,Netherlands,4,1,5,10,1924,NED,10,0.0,0
9,Netherlands,4,1,5,10,1924,NED,10,0.0,0
10,Belgium,3,7,3,13,1924,BEL,13,655192000000.0,0
11,Australia,3,1,2,6,1924,AUS,6,1790350000000.0,0
12,Denmark,2,5,2,9,1924,DEN,9,409989000000.0,0
12,Denmark,2,5,2,9,1924,DEN,9,0.0,0
13,Hungary,2,3,4,9,1924,HUN,9,223413000000.0,0
14,Yugoslavia,2,0,0,2,1924,SRB,2,81873000000.0,0
15,Czechoslovakia,1,4,5,10,1924,CZE,10,325880000000.0,0
16,Argentina,1,3,2,6,1924,ARG,6,604260000000.0,0
17,Estonia,1,1,4,6,1924,EST,6,43486000000.0,0
18,South Africa,1,1,1,3,1924,RSA,3,373233000000.0,0
19,Uruguay,1,0,0,1,1924,URU,1,82605000000.0,0
20,Austria,0,3,1,4,1924,AUT,4,540887000000.0,0
20,Canada,0,3,1,4,1924,CAN,4,2242180000000.0,0
22,Poland,0,1,1,2,1924,POL,2,844623000000.0,0
23,Haiti,0,0,1,1,1924,HAI,1,24046000000.0,0
23,Japan,0,0,1,1,1924,JPN,1,4110450000000.0,0
23,New Zealand,0,0,1,1,1924,NZL,1,257626000000.0,0
23,Portugal,0,0,1,1,1924,POR,1,298949000000.0,0
23,Romania,0,0,1,1,1924,ROU,1,369971000000.0,0
1,United States,22,18,16,56,1928,USA,56,28781100000000.0,0
2,Germany,10,7,14,31,1928,GER,31,4591100000000.0,0
3,Finland,8,8,9,25,1928,FIN,25,308055000000.0,0
4,Sweden,7,6,12,25,1928,SWE,25,623048000000.0,0
5,Italy,7,5,7,19,1928,ITA,19,2328030000000.0,0
6,Switzerland,7,4,4,15,1928,SUI,15,938458000000.0,0
7,France,6,10,5,21,1928,FRA,21,3130010000000.0,0
7,France,6,10,5,21,1928,FRA,21,0.0,0
7,France,6,10,5,21,1928,FRA,21,0.0,0
8,Netherlands,6,9,4,19,1928,NED,19,1142510000000.0,1
8,Netherlands,6,9,4,19,1928,NED,19,0.0,1
8,Netherlands,6,9,4,19,1928,NED,19,0.0,1
9,Hungary,4,5,0,9,1928,HUN,9,223413000000.0,0
10,Canada,4,4,7,15,1928,CAN,15,2242180000000.0,0
11,Great Britain,3,10,7,20,1928,GBR,20,3495260000000.0,0
11,Great Britain,3,10,7,20,1928,GBR,20,564020000000.0,0
11,Great Britain,3,10,7,20,1928,GBR,20,0.0,0
11,Great Britain,3,10,7,20,1928,GBR,20,0.0,0
11,Great Britain,3,10,7,20,1928,GBR,20,0.0,0
12,Argentina,3,3,1,7,1928,ARG,7,604260000000.0,0
13,Denmark,3,1,2,6,1928,DEN,6,409989000000.0,0
13,Denmark,3,1,2,6,1928,DEN,6,0.0,0
14,Czechoslovakia,2,5,2,9,1928,CZE,9,325880000000.0,0
15,Japan,2,2,1,5,1928,JPN,5,4110450000000.0,0
16,Estonia,2,1,2,5,1928,EST,5,43486000000.0,0
17,Egypt,2,1,1,4,1928,EGY,4,347594000000.0,0
18,Austria,2,0,1,3,1928,AUT,3,540887000000.0,0
19,Australia,1,2,1,4,1928,AUS,4,1790350000000.0,0
19,Norway,1,2,1,4,1928,NOR,4,526951000000.0,0
21,Poland,1,1,3,5,1928,POL,5,844623000000.0,0
21,Yugoslavia,1,1,3,5,1928,SRB,5,81873000000.0,0
23,South Africa,1,0,2,3,1928,RSA,3,373233000000.0,0
24,India,1,0,0,1,1928,IND,1,3937010000000.0,0
24,Ireland,1,0,0,1,1928,GBR,1,3495260000000.0,0
24,Ireland,1,0,0,1,1928,GBR,1,564020000000.0,0
24,Ireland,1,0,0,1,1928,GBR,1,0.0,0
24,Ireland,1,0,0,1,1928,GBR,1,0.0,0
24,Ireland,1,0,0,1,1928,GBR,1,0.0,0
24,New Zealand,1,0,0,1,1928,NZL,1,257626000000.0,0
24,Spain,1,0,0,1,1928,ESP,1,1647110000000.0,0
24,Uruguay,1,0,0,1,1928,URU,1,82605000000.0,0
29,Belgium,0,1,2,3,1928,BEL,3,655192000000.0,0
30,Chile,0,1,0,1,1928,CHI,1,333760000000.0,0
30,Haiti,0,1,0,1,1928,HAI,1,24046000000.0,0
32,Philippines,0,0,1,1,1928,PHI,1,471516000000.0,0
32,Portugal,0,0,1,1,1928,POR,1,298949000000.0,0
1,United States ,44,36,30,110,1932,USA,110,28781100000000.0,1
2,Italy ,12,12,12,36,1932,ITA,36,2328030000000.0,0
3,France ,11,5,4,20,1932,FRA,20,3130010000000.0,0
3,France ,11,5,4,20,1932,FRA,20,0.0,0
3,France ,11,5,4,20,1932,FRA,20,0.0,0
4,Sweden ,10,5,9,24,1932,SWE,24,623048000000.0,0
5,Japan ,7,7,4,18,1932,JPN,18,4110450000000.0,0
6,Hungary ,6,5,5,16,1932,HUN,16,223413000000.0,0
7,Germany ,5,12,7,24,1932,GER,24,4591100000000.0,0
8,Finland ,5,8,12,25,1932,FIN,25,308055000000.0,0
9,Great Britain ,5,7,5,17,1932,GBR,17,3495260000000.0,0
9,Great Britain ,5,7,5,17,1932,GBR,17,564020000000.0,0
9,Great Britain ,5,7,5,17,1932,GBR,17,0.0,0
9,Great Britain ,5,7,5,17,1932,GBR,17,0.0,0
9,Great Britain ,5,7,5,17,1932,GBR,17,0.0,0
10,Poland ,3,2,4,9,1932,POL,9,844623000000.0,0
11,Australia ,3,1,1,5,1932,AUS,5,1790350000000.0,0
12,Argentina ,3,1,0,4,1932,ARG,4,604260000000.0,0
13,Canada ,2,5,9,16,1932,CAN,16,2242180000000.0,0
14,Netherlands ,2,5,1,8,1932,NED,8,1142510000000.0,0
14,Netherlands ,2,5,1,8,1932,NED,8,0.0,0
14,Netherlands ,2,5,1,8,1932,NED,8,0.0,0
15,South Africa ,2,0,3,5,1932,RSA,5,373233000000.0,0
16,Ireland ,2,0,0,2,1932,GBR,2,3495260000000.0,0
16,Ireland ,2,0,0,2,1932,GBR,2,564020000000.0,0
16,Ireland ,2,0,0,2,1932,GBR,2,0.0,0
16,Ireland ,2,0,0,2,1932,GBR,2,0.0,0
16,Ireland ,2,0,0,2,1932,GBR,2,0.0,0
17,Czechoslovakia ,1,3,2,6,1932,CZE,6,325880000000.0,0
18,Austria ,1,1,3,5,1932,AUT,5,540887000000.0,0
19,India ,1,0,0,1,1932,IND,1,3937010000000.0,0
20,Denmark ,0,5,3,8,1932,DEN,8,409989000000.0,0
20,Denmark ,0,5,3,8,1932,DEN,8,0.0,0
21,Mexico ,0,2,0,2,1932,MEX,2,2017030000000.0,0
22,Latvia ,0,1,0,1,1932,LAT,1,45466000000.0,0
22,New Zealand ,0,1,0,1,1932,NZL,1,257626000000.0,0
22,Switzerland ,0,1,0,1,1932,SUI,1,938458000000.0,0
25,Philippines ,0,0,3,3,1932,PHI,3,471516000000.0,0
26,Belgium ,0,0,1,1,1932,BEL,1,655192000000.0,0
26,Spain ,0,0,1,1,1932,ESP,1,1647110000000.0,0
26,Uruguay ,0,0,1,1,1932,URU,1,82605000000.0,0
1,Germany,38,31,32,101,1936,GER,101,4591100000000.0,1
2,United States,24,21,12,57,1936,USA,57,28781100000000.0,0
3,Hungary,10,1,5,16,1936,HUN,16,223413000000.0,0
4,Italy,9,13,5,27,1936,ITA,27,2328030000000.0,0
5,Finland,8,6,6,20,1936,FIN,20,308055000000.0,0
6,France,7,6,6,19,1936,FRA,19,3130010000000.0,0
6,France,7,6,6,19,1936,FRA,19,0.0,0
6,France,7,6,6,19,1936,FRA,19,0.0,0
7,Sweden,6,5,10,21,1936,SWE,21,623048000000.0,0
8,Japan,6,4,10,20,1936,JPN,20,4110450000000.0,0
9,Netherlands,6,4,7,17,1936,NED,17,1142510000000.0,0
9,Netherlands,6,4,7,17,1936,NED,17,0.0,0
9,Netherlands,6,4,7,17,1936,NED,17,0.0,0
10,Austria,5,7,5,17,1936,AUT,17,540887000000.0,0
11,Switzerland,4,9,5,18,1936,SUI,18,938458000000.0,0
12,Great Britain,4,7,3,14,1936,GBR,14,3495260000000.0,0
12,Great Britain,4,7,3,14,1936,GBR,14,564020000000.0,0
12,Great Britain,4,7,3,14,1936,GBR,14,0.0,0
12,Great Britain,4,7,3,14,1936,GBR,14,0.0,0
12,Great Britain,4,7,3,14,1936,GBR,14,0.0,0
13,Czechoslovakia,3,5,1,9,1936,CZE,9,325880000000.0,0
14,Argentina,2,2,3,7,1936,ARG,7,604260000000.0,0
14,Estonia,2,2,3,7,1936,EST,7,43486000000.0,0
16,Egypt,2,1,2,5,1936,EGY,5,347594000000.0,0
17,Canada,1,3,5,9,1936,CAN,9,2242180000000.0,0
18,Norway,1,3,2,6,1936,NOR,6,526951000000.0,0
19,Turkey,1,0,1,2,1936,TUR,2,1113560000000.0,0
20,India,1,0,0,1,1936,IND,1,3937010000000.0,0
20,New Zealand,1,0,0,1,1936,NZL,1,257626000000.0,0
22,Poland,0,4,5,9,1936,POL,9,844623000000.0,0
23,Denmark,0,2,3,5,1936,DEN,5,409989000000.0,0
23,Denmark,0,2,3,5,1936,DEN,5,0.0,0
24,Latvia,0,1,1,2,1936,LAT,2,45466000000.0,0
25,Romania,0,1,0,1,1936,ROU,1,369971000000.0,0
25,South Africa,0,1,0,1,1936,RSA,1,373233000000.0,0
25,Yugoslavia,0,1,0,1,1936,SRB,1,81873000000.0,0
28,Belgium,0,0,3,3,1936,BEL,3,655192000000.0,0
28,Mexico,0,0,3,3,1936,MEX,3,2017030000000.0,0
30,Australia,0,0,1,1,1936,AUS,1,1790350000000.0,0
30,Philippines,0,0,1,1,1936,PHI,1,471516000000.0,0
30,Portugal,0,0,1,1,1936,POR,1,298949000000.0,0
1,United States,38,27,19,84,1948,USA,84,28781100000000.0,0
2,Sweden,16,11,17,44,1948,SWE,44,623048000000.0,0
3,France,10,6,13,29,1948,FRA,29,3130010000000.0,0
3,France,10,6,13,29,1948,FRA,29,0.0,0
3,France,10,6,13,29,1948,FRA,29,0.0,0
4,Hungary,10,5,12,27,1948,HUN,27,223413000000.0,0
5,Italy,8,11,8,27,1948,ITA,27,2328030000000.0,0
6,Finland,8,7,5,20,1948,FIN,20,308055000000.0,0
7,Turkey,6,4,2,12,1948,TUR,12,1113560000000.0,0
8,Czechoslovakia,6,2,3,11,1948,CZE,11,325880000000.0,0
9,Switzerland,5,10,5,20,1948,SUI,20,938458000000.0,0
10,Denmark,5,7,8,20,1948,DEN,20,409989000000.0,0
10,Denmark,5,7,8,20,1948,DEN,20,0.0,0
11,Netherlands,5,2,9,16,1948,NED,16,1142510000000.0,0
11,Netherlands,5,2,9,16,1948,NED,16,0.0,0
11,Netherlands,5,2,9,16,1948,NED,16,0.0,0
12,Great Britain,3,14,6,23,1948,GBR,23,3495260000000.0,1
12,Great Britain,3,14,6,23,1948,GBR,23,564020000000.0,1
12,Great Britain,3,14,6,23,1948,GBR,23,0.0,1
12,Great Britain,3,14,6,23,1948,GBR,23,0.0,1
12,Great Britain,3,14,6,23,1948,GBR,23,0.0,1
13,Argentina,3,3,1,7,1948,ARG,7,604260000000.0,0
14,Australia,2,6,5,13,1948,AUS,13,1790350000000.0,0
15,Belgium,2,2,3,7,1948,BEL,7,655192000000.0,0
16,Egypt,2,2,1,5,1948,EGY,5,347594000000.0,0
17,Mexico,2,1,2,5,1948,MEX,5,2017030000000.0,0
18,South Africa,2,1,1,4,1948,RSA,4,373233000000.0,0
19,Norway,1,3,3,7,1948,NOR,7,526951000000.0,0
20,Jamaica,1,2,0,3,1948,JAM,3,20098000000.0,0
21,Austria,1,0,3,4,1948,AUT,4,540887000000.0,0
22,India,1,0,0,1,1948,IND,1,3937010000000.0,0
22,Peru,1,0,0,1,1948,PER,1,282458000000.0,0
24,Yugoslavia,0,2,0,2,1948,SRB,2,81873000000.0,0
25,Canada,0,1,2,3,1948,CAN,3,2242180000000.0,0
26,Portugal,0,1,1,2,1948,POR,2,298949000000.0,0
26,Uruguay,0,1,1,2,1948,URU,2,82605000000.0,0
28,Ceylon,0,1,0,1,1948,ISL,1,33338000000.0,0
28,Cuba,0,1,0,1,1948,CUB,1,0.0,0
28,Spain,0,1,0,1,1948,ESP,1,1647110000000.0,0
28,Trinidad and Tobago,0,1,0,1,1948,TTO,1,28365000000.0,0
32,Panama,0,0,2,2,1948,PAN,2,87347000000.0,0
32,South Korea,0,0,2,2,1948,KOR,2,1760950000000.0,0
34,Brazil,0,0,1,1,1948,BRA,1,2331390000000.0,0
34,Iran,0,0,1,1,1948,IRI,1,464181000000.0,0
34,Poland,0,0,1,1,1948,POL,1,844623000000.0,0
34,Puerto Rico,0,0,1,1,1948,PUR,1,117763000000.0,0
1,United States,40,19,17,76,1952,USA,76,28781100000000.0,0
3,Hungary,16,10,16,42,1952,HUN,42,223413000000.0,0
4,Sweden,12,13,10,35,1952,SWE,35,623048000000.0,0
5,Italy,8,9,4,21,1952,ITA,21,2328030000000.0,0
6,Czechoslovakia,7,3,3,13,1952,CZE,13,325880000000.0,0
7,France,6,6,6,18,1952,FRA,18,3130010000000.0,0
7,France,6,6,6,18,1952,FRA,18,0.0,0
7,France,6,6,6,18,1952,FRA,18,0.0,0
8,Finland,6,3,13,22,1952,FIN,22,308055000000.0,1
9,Australia,6,2,3,11,1952,AUS,11,1790350000000.0,0
10,Norway,3,2,0,5,1952,NOR,5,526951000000.0,0
11,Switzerland,2,6,6,14,1952,SUI,14,938458000000.0,0
12,South Africa,2,4,4,10,1952,RSA,10,373233000000.0,0
13,Jamaica,2,3,0,5,1952,JAM,5,20098000000.0,0
14,Belgium,2,2,0,4,1952,BEL,4,655192000000.0,0
15,Denmark,2,1,3,6,1952,DEN,6,409989000000.0,0
15,Denmark,2,1,3,6,1952,DEN,6,0.0,0
16,Turkey,2,0,1,3,1952,TUR,3,1113560000000.0,0
17,Japan,1,6,2,9,1952,JPN,9,4110450000000.0,0
18,Great Britain,1,2,8,11,1952,GBR,11,3495260000000.0,0
18,Great Britain,1,2,8,11,1952,GBR,11,564020000000.0,0
18,Great Britain,1,2,8,11,1952,GBR,11,0.0,0
18,Great Britain,1,2,8,11,1952,GBR,11,0.0,0
18,Great Britain,1,2,8,11,1952,GBR,11,0.0,0
19,Argentina,1,2,2,5,1952,ARG,5,604260000000.0,0
20,Poland,1,2,1,4,1952,POL,4,844623000000.0,0
21,Canada,1,2,0,3,1952,CAN,3,2242180000000.0,0
21,Yugoslavia,1,2,0,3,1952,SRB,3,81873000000.0,0
23,Romania,1,1,2,4,1952,ROU,4,369971000000.0,0
24,Brazil,1,0,2,3,1952,BRA,3,2331390000000.0,0
24,New Zealand,1,0,2,3,1952,NZL,3,257626000000.0,0
26,India,1,0,1,2,1952,IND,2,3937010000000.0,0
27,Luxembourg,1,0,0,1,1952,LUX,1,88556000000.0,0
28,Germany,0,7,17,24,1952,GER,24,4591100000000.0,0
29,Netherlands,0,5,0,5,1952,NED,5,1142510000000.0,0
29,Netherlands,0,5,0,5,1952,NED,5,0.0,0
29,Netherlands,0,5,0,5,1952,NED,5,0.0,0
30,Iran,0,3,4,7,1952,IRI,7,464181000000.0,0
31,Chile,0,2,0,2,1952,CHI,2,333760000000.0,0
32,Austria,0,1,1,2,1952,AUT,2,540887000000.0,0
32,Lebanon,0,1,1,2,1952,LBN,2,0.0,0
34,Ireland,0,1,0,1,1952,GBR,1,3495260000000.0,0
34,Ireland,0,1,0,1,1952,GBR,1,564020000000.0,0
34,Ireland,0,1,0,1,1952,GBR,1,0.0,0
34,Ireland,0,1,0,1,1952,GBR,1,0.0,0
34,Ireland,0,1,0,1,1952,GBR,1,0.0,0
34,Mexico,0,1,0,1,1952,MEX,1,2017030000000.0,0
34,Spain,0,1,0,1,1952,ESP,1,1647110000000.0,0
37,South Korea,0,0,2,2,1952,KOR,2,1760950000000.0,0
37,Trinidad and Tobago,0,0,2,2,1952,TTO,2,28365000000.0,0
37,Uruguay,0,0,2,2,1952,URU,2,82605000000.0,0
40,Bulgaria,0,0,1,1,1952,BUL,1,107933000000.0,0
40,Egypt,0,0,1,1,1952,EGY,1,347594000000.0,0
40,Portugal,0,0,1,1,1952,POR,1,298949000000.0,0
40,Venezuela,0,0,1,1,1952,VEN,1,102328000000.0,0
2,United States,32,25,17,74,1956,USA,74,28781100000000.0,0
3,Australia,13,8,14,35,1956,AUS,35,1790350000000.0,1
4,Hungary,9,10,7,26,1956,HUN,26,223413000000.0,0
5,Italy,8,8,9,25,1956,ITA,25,2328030000000.0,0
6,Sweden,8,5,6,19,1956,SWE,19,623048000000.0,0
7,United Team of Germany,6,13,7,26,1956,GER,26,4591100000000.0,0
8,Great Britain,6,7,11,24,1956,GBR,24,3495260000000.0,0
8,Great Britain,6,7,11,24,1956,GBR,24,564020000000.0,0
8,Great Britain,6,7,11,24,1956,GBR,24,0.0,0
8,Great Britain,6,7,11,24,1956,GBR,24,0.0,0
8,Great Britain,6,7,11,24,1956,GBR,24,0.0,0
9,Romania,5,3,5,13,1956,ROU,13,369971000000.0,0
10,Japan,4,10,5,19,1956,JPN,19,4110450000000.0,0
11,France,4,4,6,14,1956,FRA,14,3130010000000.0,0
11,France,4,4,6,14,1956,FRA,14,0.0,0
11,France,4,4,6,14,1956,FRA,14,0.0,0
12,Turkey,3,2,2,7,1956,TUR,7,1113560000000.0,0
13,Finland,3,1,11,15,1956,FIN,15,308055000000.0,0
14,Iran,2,2,1,5,1956,IRI,5,464181000000.0,0
15,Canada,2,1,3,6,1956,CAN,6,2242180000000.0,0
16,New Zealand,2,0,0,2,1956,NZL,2,257626000000.0,0
17,Poland,1,4,4,9,1956,POL,9,844623000000.0,0
18,Czechoslovakia,1,4,1,6,1956,CZE,6,325880000000.0,0
19,Bulgaria,1,3,1,5,1956,BUL,5,107933000000.0,0
20,Denmark,1,2,1,4,1956,DEN,4,409989000000.0,0
20,Denmark,1,2,1,4,1956,DEN,4,0.0,0
21,Ireland,1,1,3,5,1956,GBR,5,3495260000000.0,0
21,Ireland,1,1,3,5,1956,GBR,5,564020000000.0,0
21,Ireland,1,1,3,5,1956,GBR,5,0.0,0
21,Ireland,1,1,3,5,1956,GBR,5,0.0,0
21,Ireland,1,1,3,5,1956,GBR,5,0.0,0
22,Norway,1,0,2,3,1956,NOR,3,526951000000.0,0
23,Mexico,1,0,1,2,1956,MEX,2,2017030000000.0,0
24,Brazil,1,0,0,1,1956,BRA,1,2331390000000.0,0
24,India,1,0,0,1,1956,IND,1,3937010000000.0,0
26,Yugoslavia,0,3,0,3,1956,SRB,3,81873000000.0,0
27,Chile,0,2,2,4,1956,CHI,4,333760000000.0,0
28,Belgium,0,2,0,2,1956,BEL,2,655192000000.0,0
29,Argentina,0,1,1,2,1956,ARG,2,604260000000.0,0
29,South Korea,0,1,1,2,1956,KOR,2,1760950000000.0,0
31,Iceland,0,1,0,1,1956,ISL,1,33338000000.0,0
31,Pakistan,0,1,0,1,1956,PAK,1,0.0,0
33,South Africa,0,0,4,4,1956,RSA,4,373233000000.0,0
34,Austria,0,0,2,2,1956,AUT,2,540887000000.0,0
35,Bahamas,0,0,1,1,1956,BAH,1,14390000000.0,0
35,Greece,0,0,1,1,1956,GRE,1,250276000000.0,0
35,Switzerland,0,0,1,1,1956,SUI,1,938458000000.0,0
35,Uruguay,0,0,1,1,1956,URU,1,82605000000.0,0
2,United States ,34,21,16,71,1960,USA,71,28781100000000.0,0
3,Italy ,13,10,13,36,1960,ITA,36,2328030000000.0,1
4,United Team of Germany ,12,19,11,42,1960,GER,42,4591100000000.0,0
5,Australia ,8,8,6,22,1960,AUS,22,1790350000000.0,0
6,Turkey ,7,2,0,9,1960,TUR,9,1113560000000.0,0
7,Hungary ,6,8,7,21,1960,HUN,21,223413000000.0,0
8,Japan ,4,7,7,18,1960,JPN,18,4110450000000.0,0
9,Poland ,4,6,11,21,1960,POL,21,844623000000.0,0
10,Czechoslovakia ,3,2,3,8,1960,CZE,8,325880000000.0,0
11,Romania ,3,1,6,10,1960,ROU,10,369971000000.0,0
12,Great Britain ,2,6,12,20,1960,GBR,20,3495260000000.0,0
12,Great Britain ,2,6,12,20,1960,GBR,20,564020000000.0,0
12,Great Britain ,2,6,12,20,1960,GBR,20,0.0,0
12,Great Britain ,2,6,12,20,1960,GBR,20,0.0,0
12,Great Britain ,2,6,12,20,1960,GBR,20,0.0,0
13,Denmark ,2,3,1,6,1960,DEN,6,409989000000.0,0
13,Denmark ,2,3,1,6,1960,DEN,6,0.0,0
14,New Zealand ,2,0,1,3,1960,NZL,3,257626000000.0,0
15,Bulgaria ,1,3,3,7,1960,BUL,7,107933000000.0,0
16,Sweden ,1,2,3,6,1960,SWE,6,623048000000.0,0
17,Finland ,1,1,3,5,1960,FIN,5,308055000000.0,0
18,Austria ,1,1,0,2,1960,AUT,2,540887000000.0,0
18,Yugoslavia ,1,1,0,2,1960,SRB,2,81873000000.0,0
20,Pakistan ,1,0,1,2,1960,PAK,2,0.0,0
21,Ethiopia ,1,0,0,1,1960,ETH,1,205130000000.0,0
21,Greece ,1,0,0,1,1960,GRE,1,250276000000.0,0
21,Norway ,1,0,0,1,1960,NOR,1,526951000000.0,0
24,Switzerland ,0,3,3,6,1960,SUI,6,938458000000.0,0
25,France ,0,2,3,5,1960,FRA,5,3130010000000.0,0
25,France ,0,2,3,5,1960,FRA,5,0.0,0
25,France ,0,2,3,5,1960,FRA,5,0.0,0
26,Belgium ,0,2,2,4,1960,BEL,4,655192000000.0,0
27,Iran ,0,1,3,4,1960,IRI,4,464181000000.0,0
28,Netherlands ,0,1,2,3,1960,NED,3,1142510000000.0,0
28,Netherlands ,0,1,2,3,1960,NED,3,0.0,0
28,Netherlands ,0,1,2,3,1960,NED,3,0.0,0
28,South Africa ,0,1,2,3,1960,RSA,3,373233000000.0,0
30,Argentina ,0,1,1,2,1960,ARG,2,604260000000.0,0
30,Egypt ,0,1,1,2,1960,EGY,2,347594000000.0,0
32,Canada ,0,1,0,1,1960,CAN,1,2242180000000.0,0
32,Formosa ,0,1,0,1,1960,TPE,1,802958000000.0,0
32,Ghana ,0,1,0,1,1960,GHA,1,75244000000.0,0
32,India ,0,1,0,1,1960,IND,1,3937010000000.0,0
32,Morocco ,0,1,0,1,1960,MAR,1,152377000000.0,0
32,Portugal ,0,1,0,1,1960,POR,1,298949000000.0,0
32,Singapore ,0,1,0,1,1960,SGP,1,525228000000.0,0
39,Brazil ,0,0,2,2,1960,BRA,2,2331390000000.0,0
39,British West Indies ,0,0,2,2,1960,JAM,2,20098000000.0,0
41,Iraq ,0,0,1,1,1960,IRQ,1,265894000000.0,0
41,Mexico ,0,0,1,1,1960,MEX,1,2017030000000.0,0
41,Spain ,0,0,1,1,1960,ESP,1,1647110000000.0,0
41,Venezuela ,0,0,1,1,1960,VEN,1,102328000000.0,0
1,United States,36,26,28,90,1964,USA,90,28781100000000.0,0
3,Japan,16,5,8,29,1964,JPN,29,4110450000000.0,1
4,United Team of Germany,10,22,18,50,1964,GER,50,4591100000000.0,0
5,Italy,10,10,7,27,1964,ITA,27,2328030000000.0,0
6,Hungary,10,7,5,22,1964,HUN,22,223413000000.0,0
7,Poland,7,6,10,23,1964,POL,23,844623000000.0,0
8,Australia,6,2,10,18,1964,AUS,18,1790350000000.0,0
9,Czechoslovakia,5,6,3,14,1964,CZE,14,325880000000.0,0
10,Great Britain,4,12,2,18,1964,GBR,18,3495260000000.0,0
10,Great Britain,4,12,2,18,1964,GBR,18,564020000000.0,0
10,Great Britain,4,12,2,18,1964,GBR,18,0.0,0
10,Great Britain,4,12,2,18,1964,GBR,18,0.0,0
10,Great Britain,4,12,2,18,1964,GBR,18,0.0,0
11,Bulgaria,3,5,2,10,1964,BUL,10,107933000000.0,0
12,Finland,3,0,2,5,1964,FIN,5,308055000000.0,0
12,New Zealand,3,0,2,5,1964,NZL,5,257626000000.0,0
14,Romania,2,4,6,12,1964,ROU,12,369971000000.0,0
15,Netherlands,2,4,4,10,1964,NED,10,1142510000000.0,0
15,Netherlands,2,4,4,10,1964,NED,10,0.0,0
15,Netherlands,2,4,4,10,1964,NED,10,0.0,0
16,Turkey,2,3,1,6,1964,TUR,6,1113560000000.0,0
17,Sweden,2,2,4,8,1964,SWE,8,623048000000.0,0
18,Denmark,2,1,3,6,1964,DEN,6,409989000000.0,0
18,Denmark,2,1,3,6,1964,DEN,6,0.0,0
19,Yugoslavia,2,1,2,5,1964,SRB,5,81873000000.0,0
20,Belgium,2,0,1,3,1964,BEL,3,655192000000.0,0
21,France,1,8,6,15,1964,FRA,15,3130010000000.0,0
21,France,1,8,6,15,1964,FRA,15,0.0,0
21,France,1,8,6,15,1964,FRA,15,0.0,0
22,Canada,1,2,1,4,1964,CAN,4,2242180000000.0,0
22,Switzerland,1,2,1,4,1964,SUI,4,938458000000.0,0
24,Bahamas,1,0,0,1,1964,BAH,1,14390000000.0,0
24,Ethiopia,1,0,0,1,1964,ETH,1,205130000000.0,0
24,India,1,0,0,1,1964,IND,1,3937010000000.0,0
27,South Korea,0,2,1,3,1964,KOR,3,1760950000000.0,0
28,Trinidad and Tobago,0,1,2,3,1964,TTO,3,28365000000.0,0
29,Tunisia,0,1,1,2,1964,TUN,2,54708000000.0,0
30,Argentina,0,1,0,1,1964,ARG,1,604260000000.0,0
30,Cuba,0,1,0,1,1964,CUB,1,0.0,0
30,Pakistan,0,1,0,1,1964,PAK,1,0.0,0
30,Philippines,0,1,0,1,1964,PHI,1,471516000000.0,0
34,Iran,0,0,2,2,1964,IRI,2,464181000000.0,0
35,Brazil,0,0,1,1,1964,BRA,1,2331390000000.0,0
35,Ghana,0,0,1,1,1964,GHA,1,75244000000.0,0
35,Ireland,0,0,1,1,1964,GBR,1,3495260000000.0,0
35,Ireland,0,0,1,1,1964,GBR,1,564020000000.0,0
35,Ireland,0,0,1,1,1964,GBR,1,0.0,0
35,Ireland,0,0,1,1,1964,GBR,1,0.0,0
35,Ireland,0,0,1,1,1964,GBR,1,0.0,0
35,Kenya,0,0,1,1,1964,KEN,1,104001000000.0,0
35,Mexico,0,0,1,1,1964,MEX,1,2017030000000.0,0
35,Nigeria,0,0,1,1,1964,NIG,1,252738000000.0,0
35,Nigeria,0,0,1,1,1964,NIG,1,18816000000.0,0
35,Uruguay,0,0,1,1,1964,URU,1,82605000000.0,0
1,United States,45,28,34,107,1968,USA,107,28781100000000.0,0
3,Japan,11,7,7,25,1968,JPN,25,4110450000000.0,0
4,Hungary,10,10,12,32,1968,HUN,32,223413000000.0,0
5,East Germany,9,9,7,25,1968,GER,25,4591100000000.0,0
6,France,7,3,5,15,1968,FRA,15,3130010000000.0,0
6,France,7,3,5,15,1968,FRA,15,0.0,0
6,France,7,3,5,15,1968,FRA,15,0.0,0
7,Czechoslovakia,7,2,4,13,1968,CZE,13,325880000000.0,0
8,West Germany,5,11,10,26,1968,GER,26,4591100000000.0,0
9,Australia,5,7,5,17,1968,AUS,17,1790350000000.0,0
10,Great Britain,5,5,3,13,1968,GBR,13,3495260000000.0,0
10,Great Britain,5,5,3,13,1968,GBR,13,564020000000.0,0
10,Great Britain,5,5,3,13,1968,GBR,13,0.0,0
10,Great Britain,5,5,3,13,1968,GBR,13,0.0,0
10,Great Britain,5,5,3,13,1968,GBR,13,0.0,0
11,Poland,5,2,11,18,1968,POL,18,844623000000.0,0
12,Romania,4,6,5,15,1968,ROU,15,369971000000.0,0
13,Italy,3,4,9,16,1968,ITA,16,2328030000000.0,0
14,Kenya,3,4,2,9,1968,KEN,9,104001000000.0,0
15,Mexico,3,3,3,9,1968,MEX,9,2017030000000.0,1
16,Yugoslavia,3,3,2,8,1968,SRB,8,81873000000.0,0
17,Netherlands,3,3,1,7,1968,NED,7,1142510000000.0,0
17,Netherlands,3,3,1,7,1968,NED,7,0.0,0
17,Netherlands,3,3,1,7,1968,NED,7,0.0,0
18,Bulgaria,2,4,3,9,1968,BUL,9,107933000000.0,0
19,Iran,2,1,2,5,1968,IRI,5,464181000000.0,0
20,Sweden,2,1,1,4,1968,SWE,4,623048000000.0,0
21,Turkey,2,0,0,2,1968,TUR,2,1113560000000.0,0
22,Denmark,1,4,3,8,1968,DEN,8,409989000000.0,0
22,Denmark,1,4,3,8,1968,DEN,8,0.0,0
23,Canada,1,3,1,5,1968,CAN,5,2242180000000.0,0
24,Finland,1,2,1,4,1968,FIN,4,308055000000.0,0
25,Ethiopia,1,1,0,2,1968,ETH,2,205130000000.0,0
25,Norway,1,1,0,2,1968,NOR,2,526951000000.0,0
27,New Zealand,1,0,2,3,1968,NZL,3,257626000000.0,0
28,Tunisia,1,0,1,2,1968,TUN,2,54708000000.0,0
29,Pakistan,1,0,0,1,1968,PAK,1,0.0,0
29,Venezuela,1,0,0,1,1968,VEN,1,102328000000.0,0
31,Cuba,0,4,0,4,1968,CUB,4,0.0,0
32,Austria,0,2,2,4,1968,AUT,4,540887000000.0,0
33,Switzerland,0,1,4,5,1968,SUI,5,938458000000.0,0
34,Mongolia,0,1,3,4,1968,MGL,4,21943000000.0,0
35,Brazil,0,1,2,3,1968,BRA,3,2331390000000.0,0
36,Belgium,0,1,1,2,1968,BEL,2,655192000000.0,0
36,South Korea,0,1,1,2,1968,KOR,2,1760950000000.0,0
36,Uganda,0,1,1,2,1968,UGA,2,56310000000.0,0
39,Cameroon,0,1,0,1,1968,CMR,1,53205000000.0,0
39,Jamaica,0,1,0,1,1968,JAM,1,20098000000.0,0
41,Argentina,0,0,2,2,1968,ARG,2,604260000000.0,0
42,Greece,0,0,1,1,1968,GRE,1,250276000000.0,0
42,India,0,0,1,1,1968,IND,1,3937010000000.0,0
42,Taiwan,0,0,1,1,1968,TPE,1,802958000000.0,0
2,United States,33,31,30,94,1972,USA,94,28781100000000.0,0
3,East Germany,20,23,23,66,1972,GER,66,4591100000000.0,1
4,West Germany,13,11,16,40,1972,GER,40,4591100000000.0,1
5,Japan,13,8,8,29,1972,JPN,29,4110450000000.0,0
6,Australia,8,7,2,17,1972,AUS,17,1790350000000.0,0
7,Poland,7,5,9,21,1972,POL,21,844623000000.0,0
8,Hungary,6,13,16,35,1972,HUN,35,223413000000.0,0
9,Bulgaria,6,10,5,21,1972,BUL,21,107933000000.0,0
10,Italy,5,3,10,18,1972,ITA,18,2328030000000.0,0
11,Sweden,4,6,6,16,1972,SWE,16,623048000000.0,0
12,Great Britain,4,5,9,18,1972,GBR,18,3495260000000.0,0
12,Great Britain,4,5,9,18,1972,GBR,18,564020000000.0,0
12,Great Britain,4,5,9,18,1972,GBR,18,0.0,0
12,Great Britain,4,5,9,18,1972,GBR,18,0.0,0
12,Great Britain,4,5,9,18,1972,GBR,18,0.0,0
13,Romania,3,6,7,16,1972,ROU,16,369971000000.0,0
14,Cuba,3,1,4,8,1972,CUB,8,0.0,0
14,Finland,3,1,4,8,1972,FIN,8,308055000000.0,0
16,Netherlands,3,1,1,5,1972,NED,5,1142510000000.0,0
16,Netherlands,3,1,1,5,1972,NED,5,0.0,0
16,Netherlands,3,1,1,5,1972,NED,5,0.0,0
17,France,2,4,7,13,1972,FRA,13,3130010000000.0,0
17,France,2,4,7,13,1972,FRA,13,0.0,0
17,France,2,4,7,13,1972,FRA,13,0.0,0
18,Czechoslovakia,2,4,2,8,1972,CZE,8,325880000000.0,0
19,Kenya,2,3,4,9,1972,KEN,9,104001000000.0,0
20,Yugoslavia,2,1,2,5,1972,SRB,5,81873000000.0,0
21,Norway,2,1,1,4,1972,NOR,4,526951000000.0,0
22,North Korea,1,1,3,5,1972,PRK,5,0.0,0
23,New Zealand,1,1,1,3,1972,NZL,3,257626000000.0,0
24,Uganda,1,1,0,2,1972,UGA,2,56310000000.0,0
25,Denmark,1,0,0,1,1972,DEN,1,409989000000.0,0
25,Denmark,1,0,0,1,1972,DEN,1,0.0,0
26,Switzerland,0,3,0,3,1972,SUI,3,938458000000.0,0
27,Canada,0,2,3,5,1972,CAN,5,2242180000000.0,0
28,Iran,0,2,1,3,1972,IRI,3,464181000000.0,0
29,Belgium,0,2,0,2,1972,BEL,2,655192000000.0,0
29,Greece,0,2,0,2,1972,GRE,2,250276000000.0,0
31,Austria,0,1,2,3,1972,AUT,3,540887000000.0,0
31,Colombia,0,1,2,3,1972,COL,3,386076000000.0,0
33,Argentina,0,1,0,1,1972,ARG,1,604260000000.0,0
33,Lebanon,0,1,0,1,1972,LBN,1,0.0,0
33,Mexico,0,1,0,1,1972,MEX,1,2017030000000.0,0
33,Mongolia,0,1,0,1,1972,MGL,1,21943000000.0,0
33,Pakistan,0,1,0,1,1972,PAK,1,0.0,0
33,South Korea,0,1,0,1,1972,KOR,1,1760950000000.0,0
33,Tunisia,0,1,0,1,1972,TUN,1,54708000000.0,0
33,Turkey,0,1,0,1,1972,TUR,1,1113560000000.0,0
41,Brazil,0,0,2,2,1972,BRA,2,2331390000000.0,0
41,Ethiopia,0,0,2,2,1972,ETH,2,205130000000.0,0
43,Ghana,0,0,1,1,1972,GHA,1,75244000000.0,0
43,India,0,0,1,1,1972,IND,1,3937010000000.0,0
43,Jamaica,0,0,1,1,1972,JAM,1,20098000000.0,0
43,Niger,0,0,1,1,1972,NIG,1,252738000000.0,0
43,Niger,0,0,1,1,1972,NIG,1,18816000000.0,0
43,Nigeria,0,0,1,1,1972,NIG,1,252738000000.0,0
43,Nigeria,0,0,1,1,1972,NIG,1,18816000000.0,0
43,Spain,0,0,1,1,1972,ESP,1,1647110000000.0,0
2,East Germany,40,25,25,90,1976,GER,90,4591100000000.0,0
3,United States,34,35,25,94,1976,USA,94,28781100000000.0,0
4,West Germany,10,12,17,39,1976,GER,39,4591100000000.0,0
5,Japan,9,6,10,25,1976,JPN,25,4110450000000.0,0
6,Poland,7,6,13,26,1976,POL,26,844623000000.0,0
7,Bulgaria,6,9,7,22,1976,BUL,22,107933000000.0,0
8,Cuba,6,4,3,13,1976,CUB,13,0.0,0
9,Romania,4,9,14,27,1976,ROU,27,369971000000.0,0
10,Hungary,4,5,13,22,1976,HUN,22,223413000000.0,0
11,Finland,4,2,0,6,1976,FIN,6,308055000000.0,0
12,Sweden,4,1,0,5,1976,SWE,5,623048000000.0,0
13,Great Britain,3,5,5,13,1976,GBR,13,3495260000000.0,0
13,Great Britain,3,5,5,13,1976,GBR,13,564020000000.0,0
13,Great Britain,3,5,5,13,1976,GBR,13,0.0,0
13,Great Britain,3,5,5,13,1976,GBR,13,0.0,0
13,Great Britain,3,5,5,13,1976,GBR,13,0.0,0
14,Italy,2,7,4,13,1976,ITA,13,2328030000000.0,0
15,France,2,3,4,9,1976,FRA,9,3130010000000.0,0
15,France,2,3,4,9,1976,FRA,9,0.0,0
15,France,2,3,4,9,1976,FRA,9,0.0,0
16,Yugoslavia,2,3,3,8,1976,SRB,8,81873000000.0,0
17,Czechoslovakia,2,2,4,8,1976,CZE,8,325880000000.0,0
18,New Zealand,2,1,1,4,1976,NZL,4,257626000000.0,0
19,South Korea,1,1,4,6,1976,KOR,6,1760950000000.0,0
20,Switzerland,1,1,2,4,1976,SUI,4,938458000000.0,0
21,Jamaica,1,1,0,2,1976,JAM,2,20098000000.0,0
21,North Korea,1,1,0,2,1976,PRK,2,0.0,0
21,Norway,1,1,0,2,1976,NOR,2,526951000000.0,0
24,Denmark,1,0,2,3,1976,DEN,3,409989000000.0,0
24,Denmark,1,0,2,3,1976,DEN,3,0.0,0
25,Mexico,1,0,1,2,1976,MEX,2,2017030000000.0,0
26,Trinidad and Tobago,1,0,0,1,1976,TTO,1,28365000000.0,0
27,Canada,0,5,6,11,1976,CAN,11,2242180000000.0,1
28,Belgium,0,3,3,6,1976,BEL,6,655192000000.0,0
29,Netherlands,0,2,3,5,1976,NED,5,1142510000000.0,0
29,Netherlands,0,2,3,5,1976,NED,5,0.0,0
29,Netherlands,0,2,3,5,1976,NED,5,0.0,0
30,Portugal,0,2,0,2,1976,POR,2,298949000000.0,0
30,Spain,0,2,0,2,1976,ESP,2,1647110000000.0,0
32,Australia,0,1,4,5,1976,AUS,5,1790350000000.0,0
33,Iran,0,1,1,2,1976,IRI,2,464181000000.0,0
34,Mongolia,0,1,0,1,1976,MGL,1,21943000000.0,0
34,Venezuela,0,1,0,1,1976,VEN,1,102328000000.0,0
36,Brazil,0,0,2,2,1976,BRA,2,2331390000000.0,0
37,Austria,0,0,1,1,1976,AUT,1,540887000000.0,0
37,Bermuda,0,0,1,1,1976,BER,1,0.0,0
37,Pakistan,0,0,1,1,1976,PAK,1,0.0,0
37,Puerto Rico,0,0,1,1,1976,PUR,1,117763000000.0,0
37,Thailand,0,0,1,1,1976,THA,1,548890000000.0,0
2,East Germany,47,37,42,126,1980,GER,126,4591100000000.0,0
3,Bulgaria,8,16,17,41,1980,BUL,41,107933000000.0,0
4,Cuba,8,7,5,20,1980,CUB,20,0.0,0
5,Italy,8,3,4,15,1980,ITA,15,2328030000000.0,0
6,Hungary,7,10,15,32,1980,HUN,32,223413000000.0,0
7,Romania,6,6,13,25,1980,ROU,25,369971000000.0,0
8,France,6,5,3,14,1980,FRA,14,3130010000000.0,0
8,France,6,5,3,14,1980,FRA,14,0.0,0
8,France,6,5,3,14,1980,FRA,14,0.0,0
9,Great Britain,5,7,9,21,1980,GBR,21,3495260000000.0,0
9,Great Britain,5,7,9,21,1980,GBR,21,564020000000.0,0
9,Great Britain,5,7,9,21,1980,GBR,21,0.0,0
9,Great Britain,5,7,9,21,1980,GBR,21,0.0,0
9,Great Britain,5,7,9,21,1980,GBR,21,0.0,0
10,Poland,3,14,15,32,1980,POL,32,844623000000.0,0
11,Sweden,3,3,6,12,1980,SWE,12,623048000000.0,0
12,Finland,3,1,4,8,1980,FIN,8,308055000000.0,0
13,Czechoslovakia,2,3,9,14,1980,CZE,14,325880000000.0,0
14,Yugoslavia,2,3,4,9,1980,SRB,9,81873000000.0,0
15,Australia,2,2,5,9,1980,AUS,9,1790350000000.0,0
16,Denmark,2,1,2,5,1980,DEN,5,409989000000.0,0
16,Denmark,2,1,2,5,1980,DEN,5,0.0,0
17,Brazil,2,0,2,4,1980,BRA,4,2331390000000.0,0
17,Ethiopia,2,0,2,4,1980,ETH,4,205130000000.0,0
19,Switzerland,2,0,0,2,1980,SUI,2,938458000000.0,0
20,Spain,1,3,2,6,1980,ESP,6,1647110000000.0,0
21,Austria,1,2,1,4,1980,AUT,4,540887000000.0,0
22,Greece,1,0,2,3,1980,GRE,3,250276000000.0,0
23,Belgium,1,0,0,1,1980,BEL,1,655192000000.0,0
23,India,1,0,0,1,1980,IND,1,3937010000000.0,0
23,Zimbabwe,1,0,0,1,1980,ZIM,1,34405000000.0,0
26,North Korea,0,3,2,5,1980,PRK,5,0.0,0
27,Mongolia,0,2,2,4,1980,MGL,4,21943000000.0,0
28,Tanzania,0,2,0,2,1980,TAN,2,79605000000.0,0
29,Mexico,0,1,3,4,1980,MEX,4,2017030000000.0,0
30,Netherlands,0,1,2,3,1980,NED,3,1142510000000.0,0
30,Netherlands,0,1,2,3,1980,NED,3,0.0,0
30,Netherlands,0,1,2,3,1980,NED,3,0.0,0
31,Ireland,0,1,1,2,1980,GBR,2,3495260000000.0,0
31,Ireland,0,1,1,2,1980,GBR,2,564020000000.0,0
31,Ireland,0,1,1,2,1980,GBR,2,0.0,0
31,Ireland,0,1,1,2,1980,GBR,2,0.0,0
31,Ireland,0,1,1,2,1980,GBR,2,0.0,0
32,Uganda,0,1,0,1,1980,UGA,1,56310000000.0,0
32,Venezuela,0,1,0,1,1980,VEN,1,102328000000.0,0
34,Jamaica,0,0,3,3,1980,JAM,3,20098000000.0,0
35,Guyana,0,0,1,1,1980,GUY,1,21178000000.0,0
35,Lebanon,0,0,1,1,1980,LBN,1,0.0,0
1,United States,83,61,30,174,1984,USA,174,28781100000000.0,1
2,Romania,20,16,17,53,1984,ROU,53,369971000000.0,0
3,West Germany,17,19,23,59,1984,GER,59,4591100000000.0,0
4,China,15,8,9,32,1984,CHN,32,18532600000000.0,0
4,China,15,8,9,32,1984,CHN,32,54677000000.0,0
5,Italy,14,6,12,32,1984,ITA,32,2328030000000.0,0
6,Canada,10,18,16,44,1984,CAN,44,2242180000000.0,0
7,Japan,10,8,14,32,1984,JPN,32,4110450000000.0,0
8,New Zealand,8,1,2,11,1984,NZL,11,257626000000.0,0
9,Yugoslavia,7,4,7,18,1984,SRB,18,81873000000.0,0
10,South Korea,6,6,7,19,1984,KOR,19,1760950000000.0,0
11,Great Britain,5,11,21,37,1984,GBR,37,3495260000000.0,0
11,Great Britain,5,11,21,37,1984,GBR,37,564020000000.0,0
11,Great Britain,5,11,21,37,1984,GBR,37,0.0,0
11,Great Britain,5,11,21,37,1984,GBR,37,0.0,0
11,Great Britain,5,11,21,37,1984,GBR,37,0.0,0
12,France,5,7,16,28,1984,FRA,28,3130010000000.0,0
12,France,5,7,16,28,1984,FRA,28,0.0,0
12,France,5,7,16,28,1984,FRA,28,0.0,0
13,Netherlands,5,2,6,13,1984,NED,13,1142510000000.0,0
13,Netherlands,5,2,6,13,1984,NED,13,0.0,0
13,Netherlands,5,2,6,13,1984,NED,13,0.0,0
14,Australia,4,8,12,24,1984,AUS,24,1790350000000.0,0
15,Finland,4,2,6,12,1984,FIN,12,308055000000.0,0
16,Sweden,2,11,6,19,1984,SWE,19,623048000000.0,0
17,Mexico,2,3,1,6,1984,MEX,6,2017030000000.0,0
18,Morocco,2,0,0,2,1984,MAR,2,152377000000.0,0
19,Brazil,1,5,2,8,1984,BRA,8,2331390000000.0,0
20,Spain,1,2,2,5,1984,ESP,5,1647110000000.0,0
21,Belgium,1,1,2,4,1984,BEL,4,655192000000.0,0
22,Austria,1,1,1,3,1984,AUT,3,540887000000.0,0
23,Kenya,1,0,2,3,1984,KEN,3,104001000000.0,0
23,Portugal,1,0,2,3,1984,POR,3,298949000000.0,0
25,Pakistan,1,0,0,1,1984,PAK,1,0.0,0
26,Switzerland,0,4,4,8,1984,SUI,8,938458000000.0,0
27,Denmark,0,3,3,6,1984,DEN,6,409989000000.0,0
27,Denmark,0,3,3,6,1984,DEN,6,0.0,0
28,Jamaica,0,1,2,3,1984,JAM,3,20098000000.0,0
28,Norway,0,1,2,3,1984,NOR,3,526951000000.0,0
30,Greece,0,1,1,2,1984,GRE,2,250276000000.0,0
30,Nigeria,0,1,1,2,1984,NIG,2,252738000000.0,0
30,Nigeria,0,1,1,2,1984,NIG,2,18816000000.0,0
30,Puerto Rico,0,1,1,2,1984,PUR,2,117763000000.0,0
33,Colombia,0,1,0,1,1984,COL,1,386076000000.0,0
33,Egypt,0,1,0,1,1984,EGY,1,347594000000.0,0
33,Ireland,0,1,0,1,1984,GBR,1,3495260000000.0,0
33,Ireland,0,1,0,1,1984,GBR,1,564020000000.0,0
33,Ireland,0,1,0,1,1984,GBR,1,0.0,0
33,Ireland,0,1,0,1,1984,GBR,1,0.0,0
33,Ireland,0,1,0,1,1984,GBR,1,0.0,0
33,Ivory Coast,0,1,0,1,1984,CIV,1,86911000000.0,0
33,Peru,0,1,0,1,1984,PER,1,282458000000.0,0
33,Syria,0,1,0,1,1984,SYR,1,0.0,0
33,Thailand,0,1,0,1,1984,THA,1,548890000000.0,0
40,Turkey,0,0,3,3,1984,TUR,3,1113560000000.0,0
40,Venezuela,0,0,3,3,1984,VEN,3,102328000000.0,0
42,Algeria,0,0,2,2,1984,ALG,2,266780000000.0,0
43,Cameroon,0,0,1,1,1984,CMR,1,53205000000.0,0
43,Chinese Taipei,0,0,1,1,1984,TPE,1,802958000000.0,0
43,Dominican Republic,0,0,1,1,1984,DOM,1,127356000000.0,0
43,Iceland,0,0,1,1,1984,ISL,1,33338000000.0,0
43,Zambia,0,0,1,1,1984,ZAM,1,29872000000.0,0
2,East Germany,37,35,30,102,1988,GER,102,4591100000000.0,0
3,United States,36,31,27,94,1988,USA,94,28781100000000.0,0
4,South Korea,12,10,11,33,1988,KOR,33,1760950000000.0,1
5,West Germany,11,14,15,40,1988,GER,40,4591100000000.0,0
6,Hungary,11,6,6,23,1988,HUN,23,223413000000.0,0
7,Bulgaria,10,12,13,35,1988,BUL,35,107933000000.0,0
8,Romania,7,11,6,24,1988,ROU,24,369971000000.0,0
9,France,6,4,6,16,1988,FRA,16,3130010000000.0,0
9,France,6,4,6,16,1988,FRA,16,0.0,0
9,France,6,4,6,16,1988,FRA,16,0.0,0
10,Italy,6,4,4,14,1988,ITA,14,2328030000000.0,0
11,China,5,11,12,28,1988,CHN,28,18532600000000.0,0
11,China,5,11,12,28,1988,CHN,28,54677000000.0,0
12,Great Britain,5,10,9,24,1988,GBR,24,3495260000000.0,0
12,Great Britain,5,10,9,24,1988,GBR,24,564020000000.0,0
12,Great Britain,5,10,9,24,1988,GBR,24,0.0,0
12,Great Britain,5,10,9,24,1988,GBR,24,0.0,0
12,Great Britain,5,10,9,24,1988,GBR,24,0.0,0
13,Kenya,5,2,2,9,1988,KEN,9,104001000000.0,0
14,Japan,4,3,7,14,1988,JPN,14,4110450000000.0,0
15,Australia,3,6,5,14,1988,AUS,14,1790350000000.0,0
16,Yugoslavia,3,4,5,12,1988,SRB,12,81873000000.0,0
17,Czechoslovakia,3,3,2,8,1988,CZE,8,325880000000.0,0
18,New Zealand,3,2,8,13,1988,NZL,13,257626000000.0,0
19,Canada,3,2,5,10,1988,CAN,10,2242180000000.0,0
20,Poland,2,5,9,16,1988,POL,16,844623000000.0,0
21,Norway,2,3,0,5,1988,NOR,5,526951000000.0,0
22,Netherlands,2,2,5,9,1988,NED,9,1142510000000.0,0
22,Netherlands,2,2,5,9,1988,NED,9,0.0,0
22,Netherlands,2,2,5,9,1988,NED,9,0.0,0
23,Denmark,2,1,1,4,1988,DEN,4,409989000000.0,0
23,Denmark,2,1,1,4,1988,DEN,4,0.0,0
24,Brazil,1,2,3,6,1988,BRA,6,2331390000000.0,0
25,Finland,1,1,2,4,1988,FIN,4,308055000000.0,0
25,Spain,1,1,2,4,1988,ESP,4,1647110000000.0,0
27,Turkey,1,1,0,2,1988,TUR,2,1113560000000.0,0
28,Morocco,1,0,2,3,1988,MAR,3,152377000000.0,0
29,Austria,1,0,0,1,1988,AUT,1,540887000000.0,0
29,Portugal,1,0,0,1,1988,POR,1,298949000000.0,0
29,Suriname,1,0,0,1,1988,SUR,1,4337000000.0,0
32,Sweden,0,4,7,11,1988,SWE,11,623048000000.0,0
33,Switzerland,0,2,2,4,1988,SUI,4,938458000000.0,0
34,Jamaica,0,2,0,2,1988,JAM,2,20098000000.0,0
35,Argentina,0,1,1,2,1988,ARG,2,604260000000.0,0
36,Chile,0,1,0,1,1988,CHI,1,333760000000.0,0
36,Costa Rica,0,1,0,1,1988,CRC,1,96058000000.0,0
36,Indonesia,0,1,0,1,1988,INA,1,1475690000000.0,0
36,Iran,0,1,0,1,1988,IRI,1,464181000000.0,0
36,Peru,0,1,0,1,1988,PER,1,282458000000.0,0
36,Senegal,0,1,0,1,1988,SEN,1,35450000000.0,0
36,Virgin Islands,0,1,0,1,1988,ISV,1,0.0,0
44,Belgium,0,0,2,2,1988,BEL,2,655192000000.0,0
44,Mexico,0,0,2,2,1988,MEX,2,2017030000000.0,0
46,Colombia,0,0,1,1,1988,COL,1,386076000000.0,0
46,Djibouti,0,0,1,1,1988,DJI,1,4364000000.0,0
46,Greece,0,0,1,1,1988,GRE,1,250276000000.0,0
46,Mongolia,0,0,1,1,1988,MGL,1,21943000000.0,0
46,Pakistan,0,0,1,1,1988,PAK,1,0.0,0
46,Philippines,0,0,1,1,1988,PHI,1,471516000000.0,0
46,Thailand,0,0,1,1,1988,THA,1,548890000000.0,0
2,United States,37,34,37,108,1992,USA,108,28781100000000.0,0
3,Germany,33,21,28,82,1992,GER,82,4591100000000.0,0
4,China,16,22,16,54,1992,CHN,54,18532600000000.0,0
4,China,16,22,16,54,1992,CHN,54,54677000000.0,0
5,Cuba,14,6,11,31,1992,CUB,31,0.0,0
6,Spain,13,7,2,22,1992,ESP,22,1647110000000.0,1
7,South Korea,12,5,12,29,1992,KOR,29,1760950000000.0,0
8,Hungary,11,12,7,30,1992,HUN,30,223413000000.0,0
9,France,8,5,16,29,1992,FRA,29,3130010000000.0,0
9,France,8,5,16,29,1992,FRA,29,0.0,0
9,France,8,5,16,29,1992,FRA,29,0.0,0
10,Australia,7,9,11,27,1992,AUS,27,1790350000000.0,0
11,Canada,7,4,7,18,1992,CAN,18,2242180000000.0,0
12,Italy,6,5,8,19,1992,ITA,19,2328030000000.0,0
13,Great Britain,5,3,12,20,1992,GBR,20,3495260000000.0,0
13,Great Britain,5,3,12,20,1992,GBR,20,564020000000.0,0
13,Great Britain,5,3,12,20,1992,GBR,20,0.0,0
13,Great Britain,5,3,12,20,1992,GBR,20,0.0,0
13,Great Britain,5,3,12,20,1992,GBR,20,0.0,0
14,Romania,4,6,8,18,1992,ROU,18,369971000000.0,0
15,Czechoslovakia,4,2,1,7,1992,CZE,7,325880000000.0,0
16,North Korea,4,0,5,9,1992,PRK,9,0.0,0
17,Japan,3,8,11,22,1992,JPN,22,4110450000000.0,0
18,Bulgaria,3,7,6,16,1992,BUL,16,107933000000.0,0
19,Poland,3,6,10,19,1992,POL,19,844623000000.0,0
20,Netherlands,2,6,7,15,1992,NED,15,1142510000000.0,0
20,Netherlands,2,6,7,15,1992,NED,15,0.0,0
20,Netherlands,2,6,7,15,1992,NED,15,0.0,0
21,Kenya,2,4,2,8,1992,KEN,8,104001000000.0,0
22,Norway,2,4,1,7,1992,NOR,7,526951000000.0,0
23,Turkey,2,2,2,6,1992,TUR,6,1113560000000.0,0
24,Indonesia,2,2,1,5,1992,INA,5,1475690000000.0,0
25,Brazil,2,1,0,3,1992,BRA,3,2331390000000.0,0
26,Greece,2,0,0,2,1992,GRE,2,250276000000.0,0
27,Sweden,1,7,4,12,1992,SWE,12,623048000000.0,0
28,New Zealand,1,4,5,10,1992,NZL,10,257626000000.0,0
29,Finland,1,2,2,5,1992,FIN,5,308055000000.0,0
30,Denmark,1,1,4,6,1992,DEN,6,409989000000.0,0
30,Denmark,1,1,4,6,1992,DEN,6,0.0,0
31,Morocco,1,1,1,3,1992,MAR,3,152377000000.0,0
32,Ireland,1,1,0,2,1992,GBR,2,3495260000000.0,0
32,Ireland,1,1,0,2,1992,GBR,2,564020000000.0,0
32,Ireland,1,1,0,2,1992,GBR,2,0.0,0
32,Ireland,1,1,0,2,1992,GBR,2,0.0,0
32,Ireland,1,1,0,2,1992,GBR,2,0.0,0
33,Ethiopia,1,0,2,3,1992,ETH,3,205130000000.0,0
34,Algeria,1,0,1,2,1992,ALG,2,266780000000.0,0
34,Estonia,1,0,1,2,1992,EST,2,43486000000.0,0
34,Lithuania,1,0,1,2,1992,LTU,2,81170000000.0,0
37,Switzerland,1,0,0,1,1992,SUI,1,938458000000.0,0
38,Jamaica,0,3,1,4,1992,JAM,4,20098000000.0,0
38,Nigeria,0,3,1,4,1992,NIG,4,252738000000.0,0
38,Nigeria,0,3,1,4,1992,NIG,4,18816000000.0,0
40,Latvia,0,2,1,3,1992,LAT,3,45466000000.0,0
41,Austria,0,2,0,2,1992,AUT,2,540887000000.0,0
41,Namibia,0,2,0,2,1992,NAM,2,12765000000.0,0
41,South Africa,0,2,0,2,1992,RSA,2,373233000000.0,0
44,Belgium,0,1,2,3,1992,BEL,3,655192000000.0,0
44,Croatia,0,1,2,3,1992,CRO,3,88076000000.0,0
44,Iran,0,1,2,3,1992,IRI,3,464181000000.0,0
48,Israel,0,1,1,2,1992,ISR,2,530664000000.0,0
49,Chinese Taipei,0,1,0,1,1992,TPE,1,802958000000.0,0
49,Mexico,0,1,0,1,1992,MEX,1,2017030000000.0,0
49,Peru,0,1,0,1,1992,PER,1,282458000000.0,0
52,Mongolia,0,0,2,2,1992,MGL,2,21943000000.0,0
52,Slovenia,0,0,2,2,1992,SLO,2,72101000000.0,0
54,Argentina,0,0,1,1,1992,ARG,1,604260000000.0,0
54,Bahamas,0,0,1,1,1992,BAH,1,14390000000.0,0
54,Colombia,0,0,1,1,1992,COL,1,386076000000.0,0
54,Ghana,0,0,1,1,1992,GHA,1,75244000000.0,0
54,Malaysia,0,0,1,1,1992,MAS,1,445519000000.0,0
54,Pakistan,0,0,1,1,1992,PAK,1,0.0,0
54,Philippines,0,0,1,1,1992,PHI,1,471516000000.0,0
54,Puerto Rico,0,0,1,1,1992,PUR,1,117763000000.0,0
54,Qatar,0,0,1,1,1992,QAT,1,244686000000.0,0
54,Suriname,0,0,1,1,1992,SUR,1,4337000000.0,0
54,Thailand,0,0,1,1,1992,THA,1,548890000000.0,0
1,United States,44,32,25,101,1996,USA,101,28781100000000.0,1
2,Russia,26,21,16,63,1996,ROC,63,2056840000000.0,0
3,Germany,20,18,27,65,1996,GER,65,4591100000000.0,0
4,China,16,22,12,50,1996,CHN,50,18532600000000.0,0
4,China,16,22,12,50,1996,CHN,50,54677000000.0,0
5,France,15,7,15,37,1996,FRA,37,3130010000000.0,0
5,France,15,7,15,37,1996,FRA,37,0.0,0
5,France,15,7,15,37,1996,FRA,37,0.0,0
6,Italy,13,10,12,35,1996,ITA,35,2328030000000.0,0
7,Australia,9,9,23,41,1996,AUS,41,1790350000000.0,0
8,Cuba,9,8,8,25,1996,CUB,25,0.0,0
9,Ukraine,9,2,12,23,1996,UKR,23,188943000000.0,0
10,South Korea,7,15,5,27,1996,KOR,27,1760950000000.0,0
11,Poland,7,5,5,17,1996,POL,17,844623000000.0,0
12,Hungary,7,4,10,21,1996,HUN,21,223413000000.0,0
13,Spain,5,6,6,17,1996,ESP,17,1647110000000.0,0
14,Romania,4,7,9,20,1996,ROU,20,369971000000.0,0
15,Netherlands,4,5,10,19,1996,NED,19,1142510000000.0,0
15,Netherlands,4,5,10,19,1996,NED,19,0.0,0
15,Netherlands,4,5,10,19,1996,NED,19,0.0,0
16,Greece,4,4,0,8,1996,GRE,8,250276000000.0,0
17,Czech Republic,4,3,4,11,1996,CZE,11,325880000000.0,0
18,Switzerland,4,3,0,7,1996,SUI,7,938458000000.0,0
19,Denmark,4,1,1,6,1996,DEN,6,409989000000.0,0
19,Denmark,4,1,1,6,1996,DEN,6,0.0,0
19,Turkey,4,1,1,6,1996,TUR,6,1113560000000.0,0
21,Canada,3,11,8,22,1996,CAN,22,2242180000000.0,0
22,Bulgaria,3,7,5,15,1996,BUL,15,107933000000.0,0
23,Japan,3,6,5,14,1996,JPN,14,4110450000000.0,0
24,Kazakhstan,3,4,4,11,1996,KAZ,11,296740000000.0,0
25,Brazil,3,3,9,15,1996,BRA,15,2331390000000.0,0
26,New Zealand,3,2,1,6,1996,NZL,6,257626000000.0,0
27,South Africa,3,1,1,5,1996,RSA,5,373233000000.0,0
28,Ireland,3,0,1,4,1996,GBR,4,3495260000000.0,0
28,Ireland,3,0,1,4,1996,GBR,4,564020000000.0,0
28,Ireland,3,0,1,4,1996,GBR,4,0.0,0
28,Ireland,3,0,1,4,1996,GBR,4,0.0,0
28,Ireland,3,0,1,4,1996,GBR,4,0.0,0
29,Sweden,2,4,2,8,1996,SWE,8,623048000000.0,0
30,Norway,2,2,3,7,1996,NOR,7,526951000000.0,0
31,Belgium,2,2,2,6,1996,BEL,6,655192000000.0,0
32,Nigeria,2,1,3,6,1996,NIG,6,252738000000.0,0
32,Nigeria,2,1,3,6,1996,NIG,6,18816000000.0,0
33,North Korea,2,1,2,5,1996,PRK,5,0.0,0
34,Algeria,2,0,1,3,1996,ALG,3,266780000000.0,0
34,Ethiopia,2,0,1,3,1996,ETH,3,205130000000.0,0
36,Great Britain,1,8,6,15,1996,GBR,15,3495260000000.0,0
36,Great Britain,1,8,6,15,1996,GBR,15,564020000000.0,0
36,Great Britain,1,8,6,15,1996,GBR,15,0.0,0
36,Great Britain,1,8,6,15,1996,GBR,15,0.0,0
36,Great Britain,1,8,6,15,1996,GBR,15,0.0,0
37,Belarus,1,6,8,15,1996,BLR,15,69048000000.0,0
38,Kenya,1,4,3,8,1996,KEN,8,104001000000.0,0
39,Jamaica,1,3,2,6,1996,JAM,6,20098000000.0,0
40,Finland,1,2,1,4,1996,FIN,4,308055000000.0,0
41,FR Yugoslavia,1,1,2,4,1996,SRB,4,81873000000.0,0
41,Indonesia,1,1,2,4,1996,INA,4,1475690000000.0,0
43,Iran,1,1,1,3,1996,IRI,3,464181000000.0,0
43,Slovakia,1,1,1,3,1996,SVK,3,140808000000.0,0
45,Armenia,1,1,0,2,1996,ARM,2,25408000000.0,0
45,Croatia,1,1,0,2,1996,CRO,2,88076000000.0,0
47,Portugal,1,0,1,2,1996,POR,2,298949000000.0,0
47,Thailand,1,0,1,2,1996,THA,2,548890000000.0,0
49,Burundi,1,0,0,1,1996,BDI,1,3075000000.0,0
49,Costa Rica,1,0,0,1,1996,CRC,1,96058000000.0,0
49,Ecuador,1,0,0,1,1996,ECU,1,121592000000.0,0
49,Hong Kong,1,0,0,1,1996,HKG,1,406775000000.0,0
49,Syria,1,0,0,1,1996,SYR,1,0.0,0
54,Argentina,0,2,1,3,1996,ARG,3,604260000000.0,0
55,Namibia,0,2,0,2,1996,NAM,2,12765000000.0,0
55,Slovenia,0,2,0,2,1996,SLO,2,72101000000.0,0
57,Austria,0,1,2,3,1996,AUT,3,540887000000.0,0
58,Malaysia,0,1,1,2,1996,MAS,2,445519000000.0,0
58,Moldova,0,1,1,2,1996,MDA,2,18356000000.0,0
58,Uzbekistan,0,1,1,2,1996,UZB,2,97956000000.0,0
61,Azerbaijan,0,1,0,1,1996,AZE,1,78749000000.0,0
61,Bahamas,0,1,0,1,1996,BAH,1,14390000000.0,0
61,Chinese Taipei,0,1,0,1,1996,TPE,1,802958000000.0,0
61,Latvia,0,1,0,1,1996,LAT,1,45466000000.0,0
61,Philippines,0,1,0,1,1996,PHI,1,471516000000.0,0
61,Tonga,0,1,0,1,1996,TGA,1,581000000.0,0
61,Zambia,0,1,0,1,1996,ZAM,1,29872000000.0,0
68,Georgia,0,0,2,2,1996,GEO,2,32865000000.000004,0
68,Morocco,0,0,2,2,1996,MAR,2,152377000000.0,0
68,Trinidad and Tobago,0,0,2,2,1996,TTO,2,28365000000.0,0
71,India,0,0,1,1,1996,IND,1,3937010000000.0,0
71,Israel,0,0,1,1,1996,ISR,1,530664000000.0,0
71,Lithuania,0,0,1,1,1996,LTU,1,81170000000.0,0
71,Mexico,0,0,1,1,1996,MEX,1,2017030000000.0,0
71,Mongolia,0,0,1,1,1996,MGL,1,21943000000.0,0
71,Mozambique,0,0,1,1,1996,MOZ,1,22975000000.0,0
71,Puerto Rico,0,0,1,1,1996,PUR,1,117763000000.0,0
71,Tunisia,0,0,1,1,1996,TUN,1,54708000000.0,0
71,Uganda,0,0,1,1,1996,UGA,1,56310000000.0,0
1,United States,37,24,32,93,2000,USA,93,28781100000000.0,0
2,Russia,32,28,29,89,2000,ROC,89,2056840000000.0,0
3,China,28,16,14,58,2000,CHN,58,18532600000000.0,0
3,China,28,16,14,58,2000,CHN,58,54677000000.0,0
4,Australia,16,25,17,58,2000,AUS,58,1790350000000.0,1
5,Germany,13,17,26,56,2000,GER,56,4591100000000.0,0
6,France,13,14,11,38,2000,FRA,38,3130010000000.0,0
6,France,13,14,11,38,2000,FRA,38,0.0,0
6,France,13,14,11,38,2000,FRA,38,0.0,0
7,Italy,13,8,13,34,2000,ITA,34,2328030000000.0,0
8,Netherlands,12,9,4,25,2000,NED,25,1142510000000.0,0
8,Netherlands,12,9,4,25,2000,NED,25,0.0,0
8,Netherlands,12,9,4,25,2000,NED,25,0.0,0
9,Cuba,11,11,7,29,2000,CUB,29,0.0,0
10,Great Britain,11,10,7,28,2000,GBR,28,3495260000000.0,0
10,Great Britain,11,10,7,28,2000,GBR,28,564020000000.0,0
10,Great Britain,11,10,7,28,2000,GBR,28,0.0,0
10,Great Britain,11,10,7,28,2000,GBR,28,0.0,0
10,Great Britain,11,10,7,28,2000,GBR,28,0.0,0
11,Romania,11,6,9,26,2000,ROU,26,369971000000.0,0
12,South Korea,8,10,10,28,2000,KOR,28,1760950000000.0,0
13,Hungary,8,6,3,17,2000,HUN,17,223413000000.0,0
14,Poland,6,5,3,14,2000,POL,14,844623000000.0,0
15,Japan,5,8,5,18,2000,JPN,18,4110450000000.0,0
16,Bulgaria,5,6,2,13,2000,BUL,13,107933000000.0,0
17,Greece,4,6,3,13,2000,GRE,13,250276000000.0,0
18,Sweden,4,5,3,12,2000,SWE,12,623048000000.0,0
19,Norway,4,3,3,10,2000,NOR,10,526951000000.0,0
20,Ethiopia,4,1,3,8,2000,ETH,8,205130000000.0,0
21,Ukraine,3,10,10,23,2000,UKR,23,188943000000.0,0
22,Kazakhstan,3,4,0,7,2000,KAZ,7,296740000000.0,0
23,Belarus,3,3,11,17,2000,BLR,17,69048000000.0,0
24,Canada,3,3,8,14,2000,CAN,14,2242180000000.0,0
25,Spain,3,3,5,11,2000,ESP,11,1647110000000.0,0
26,Turkey,3,0,2,5,2000,TUR,5,1113560000000.0,0
27,Iran,3,0,1,4,2000,IRI,4,464181000000.0,0
28,Czech Republic,2,3,3,8,2000,CZE,8,325880000000.0,0
29,Kenya,2,3,2,7,2000,KEN,7,104001000000.0,0
30,Denmark,2,3,1,6,2000,DEN,6,409989000000.0,0
30,Denmark,2,3,1,6,2000,DEN,6,0.0,0
31,Finland,2,1,1,4,2000,FIN,4,308055000000.0,0
32,Austria,2,1,0,3,2000,AUT,3,540887000000.0,0
33,Lithuania,2,0,3,5,2000,LTU,5,81170000000.0,0
34,Azerbaijan,2,0,1,3,2000,AZE,3,78749000000.0,0
34,Bahamas,2,0,1,3,2000,BAH,3,14390000000.0,0
36,Slovenia,2,0,0,2,2000,SLO,2,72101000000.0,0
37,Switzerland,1,6,2,9,2000,SUI,9,938458000000.0,0
38,Indonesia,1,3,2,6,2000,INA,6,1475690000000.0,0
39,Slovakia,1,3,1,5,2000,SVK,5,140808000000.0,0
40,Mexico,1,2,3,6,2000,MEX,6,2017030000000.0,0
41,Nigeria,1,2,0,3,2000,NIG,3,252738000000.0,0
41,Nigeria,1,2,0,3,2000,NIG,3,18816000000.0,0
42,Algeria,1,1,3,5,2000,ALG,5,266780000000.0,0
43,Uzbekistan,1,1,2,4,2000,UZB,4,97956000000.0,0
44,FR Yugoslavia,1,1,1,3,2000,SRB,3,81873000000.0,0
44,Latvia,1,1,1,3,2000,LAT,3,45466000000.0,0
46,New Zealand,1,0,3,4,2000,NZL,4,257626000000.0,0
47,Estonia,1,0,2,3,2000,EST,3,43486000000.0,0
47,Thailand,1,0,2,3,2000,THA,3,548890000000.0,0
49,Croatia,1,0,1,2,2000,CRO,2,88076000000.0,0
50,Cameroon,1,0,0,1,2000,CMR,1,53205000000.0,0
50,Colombia,1,0,0,1,2000,COL,1,386076000000.0,0
50,Mozambique,1,0,0,1,2000,MOZ,1,22975000000.0,0
53,Brazil,0,6,6,12,2000,BRA,12,2331390000000.0,0
54,Jamaica,0,6,3,9,2000,JAM,9,20098000000.0,0
55,Belgium,0,2,3,5,2000,BEL,5,655192000000.0,0
55,South Africa,0,2,3,5,2000,RSA,5,373233000000.0,0
57,Argentina,0,2,2,4,2000,ARG,4,604260000000.0,0
58,Chinese Taipei,0,1,4,5,2000,TPE,5,802958000000.0,0
58,Morocco,0,1,4,5,2000,MAR,5,152377000000.0,0
60,North Korea,0,1,3,4,2000,PRK,4,0.0,0
61,Moldova,0,1,1,2,2000,MDA,2,18356000000.0,0
61,Saudi Arabia,0,1,1,2,2000,KSA,2,1106020000000.0,0
61,Trinidad and Tobago,0,1,1,2,2000,TTO,2,28365000000.0,0
64,Ireland,0,1,0,1,2000,GBR,1,3495260000000.0,0
64,Ireland,0,1,0,1,2000,GBR,1,564020000000.0,0
64,Ireland,0,1,0,1,2000,GBR,1,0.0,0
64,Ireland,0,1,0,1,2000,GBR,1,0.0,0
64,Ireland,0,1,0,1,2000,GBR,1,0.0,0
64,Sri Lanka,0,1,0,1,2000,LKA,1,0.0,0
64,Uruguay,0,1,0,1,2000,URU,1,82605000000.0,0
64,Vietnam,0,1,0,1,2000,VIE,1,465814000000.0,0
68,Georgia,0,0,6,6,2000,GEO,6,32865000000.000004,0
69,Costa Rica,0,0,2,2,2000,CRC,2,96058000000.0,0
69,Portugal,0,0,2,2,2000,POR,2,298949000000.0,0
71,Armenia,0,0,1,1,2000,ARM,1,25408000000.0,0
71,Barbados,0,0,1,1,2000,BAR,1,6863000000.0,0
71,Chile,0,0,1,1,2000,CHI,1,333760000000.0,0
71,Iceland,0,0,1,1,2000,ISL,1,33338000000.0,0
71,India,0,0,1,1,2000,IND,1,3937010000000.0,0
71,Israel,0,0,1,1,2000,ISR,1,530664000000.0,0
71,Kuwait,0,0,1,1,2000,KUW,1,160397000000.0,0
71,Kyrgyzstan,0,0,1,1,2000,KGZ,1,13599000000.0,0
71,Macedonia,0,0,1,1,2000,MKD,1,15873000000.0,0
71,Qatar,0,0,1,1,2000,QAT,1,244686000000.0,0
1,United States,36,39,26,101,2004,USA,101,28781100000000.0,0
2,China,32,17,14,63,2004,CHN,63,18532600000000.0,0
2,China,32,17,14,63,2004,CHN,63,54677000000.0,0
3,Russia,28,26,36,90,2004,ROC,90,2056840000000.0,0
4,Australia,17,16,17,50,2004,AUS,50,1790350000000.0,0
5,Japan,16,9,12,37,2004,JPN,37,4110450000000.0,0
6,Germany,13,16,20,49,2004,GER,49,4591100000000.0,0
7,France,11,9,13,33,2004,FRA,33,3130010000000.0,0
7,France,11,9,13,33,2004,FRA,33,0.0,0
7,France,11,9,13,33,2004,FRA,33,0.0,0
8,Italy,10,11,11,32,2004,ITA,32,2328030000000.0,0
9,South Korea,9,12,9,30,2004,KOR,30,1760950000000.0,0
10,Great Britain,9,9,12,30,2004,GBR,30,3495260000000.0,0
10,Great Britain,9,9,12,30,2004,GBR,30,564020000000.0,0
10,Great Britain,9,9,12,30,2004,GBR,30,0.0,0
10,Great Britain,9,9,12,30,2004,GBR,30,0.0,0
10,Great Britain,9,9,12,30,2004,GBR,30,0.0,0
11,Cuba,9,7,11,27,2004,CUB,27,0.0,0
12,Hungary,8,6,3,17,2004,HUN,17,223413000000.0,0
13,Ukraine,8,5,9,22,2004,UKR,22,188943000000.0,0
14,Romania,8,5,6,19,2004,ROU,19,369971000000.0,0
15,Greece,6,6,4,16,2004,GRE,16,250276000000.0,1
16,Brazil,5,2,3,10,2004,BRA,10,2331390000000.0,0
17,Norway,5,0,1,6,2004,NOR,6,526951000000.0,0
18,Netherlands,4,9,9,22,2004,NED,22,1142510000000.0,0
18,Netherlands,4,9,9,22,2004,NED,22,0.0,0
18,Netherlands,4,9,9,22,2004,NED,22,0.0,0
19,Sweden,4,2,1,7,2004,SWE,7,623048000000.0,0
20,Spain,3,11,6,20,2004,ESP,20,1647110000000.0,0
21,Canada,3,6,3,12,2004,CAN,12,2242180000000.0,0
22,Turkey,3,3,4,10,2004,TUR,10,1113560000000.0,0
23,Poland,3,2,5,10,2004,POL,10,844623000000.0,0
24,New Zealand,3,2,0,5,2004,NZL,5,257626000000.0,0
25,Thailand,3,1,4,8,2004,THA,8,548890000000.0,0
26,Belarus,2,5,6,13,2004,BLR,13,69048000000.0,0
27,Austria,2,4,1,7,2004,AUT,7,540887000000.0,0
28,Ethiopia,2,3,2,7,2004,ETH,7,205130000000.0,0
29,Iran,2,2,2,6,2004,IRI,6,464181000000.0,0
29,Slovakia,2,2,2,6,2004,SVK,6,140808000000.0,0
31,Chinese Taipei,2,2,1,5,2004,TPE,5,802958000000.0,0
32,Georgia,2,2,0,4,2004,GEO,4,32865000000.000004,0
33,Bulgaria,2,1,9,12,2004,BUL,12,107933000000.0,0
34,Denmark,2,1,5,8,2004,DEN,8,409989000000.0,0
34,Denmark,2,1,5,8,2004,DEN,8,0.0,0
35,Jamaica,2,1,2,5,2004,JAM,5,20098000000.0,0
35,Uzbekistan,2,1,2,5,2004,UZB,5,97956000000.0,0
37,Morocco,2,1,0,3,2004,MAR,3,152377000000.0,0
38,Argentina,2,0,4,6,2004,ARG,6,604260000000.0,0
39,Chile,2,0,1,3,2004,CHI,3,333760000000.0,0
40,Kazakhstan,1,4,3,8,2004,KAZ,8,296740000000.0,0
41,Kenya,1,4,2,7,2004,KEN,7,104001000000.0,0
42,Czech Republic,1,3,5,9,2004,CZE,9,325880000000.0,0
43,South Africa,1,3,2,6,2004,RSA,6,373233000000.0,0
44,Croatia,1,2,2,5,2004,CRO,5,88076000000.0,0
45,Lithuania,1,2,0,3,2004,LTU,3,81170000000.0,0
46,Egypt,1,1,3,5,2004,EGY,5,347594000000.0,0
46,Switzerland,1,1,3,5,2004,SUI,5,938458000000.0,0
48,Indonesia,1,1,2,4,2004,INA,4,1475690000000.0,0
49,Zimbabwe,1,1,1,3,2004,ZIM,3,34405000000.0,0
50,Azerbaijan,1,0,4,5,2004,AZE,5,78749000000.0,0
51,Belgium,1,0,2,3,2004,BEL,3,655192000000.0,0
52,Bahamas,1,0,1,2,2004,BAH,2,14390000000.0,0
52,Israel,1,0,1,2,2004,ISR,2,530664000000.0,0
54,Cameroon,1,0,0,1,2004,CMR,1,53205000000.0,0
54,Dominican Republic,1,0,0,1,2004,DOM,1,127356000000.0,0
54,United Arab Emirates,1,0,0,1,2004,UAE,1,527796000000.00006,0
57,North Korea,0,4,1,5,2004,PRK,5,0.0,0
58,Latvia,0,4,0,4,2004,LAT,4,45466000000.0,0
59,Mexico,0,3,1,4,2004,MEX,4,2017030000000.0,0
60,Portugal,0,2,1,3,2004,POR,3,298949000000.0,0
61,Finland,0,2,0,2,2004,FIN,2,308055000000.0,0
63,Slovenia,0,1,3,4,2004,SLO,4,72101000000.0,0
64,Estonia,0,1,2,3,2004,EST,3,43486000000.0,0
65,Hong Kong,0,1,0,1,2004,HKG,1,406775000000.0,0
65,India,0,1,0,1,2004,IND,1,3937010000000.0,0
65,Paraguay,0,1,0,1,2004,PAR,1,45817000000.0,0
68,Colombia,0,0,2,2,2004,COL,2,386076000000.0,0
68,Nigeria,0,0,2,2,2004,NIG,2,252738000000.0,0
68,Nigeria,0,0,2,2,2004,NIG,2,18816000000.0,0
68,Venezuela,0,0,2,2,2004,VEN,2,102328000000.0,0
71,Eritrea,0,0,1,1,2004,ERI,1,0.0,0
71,Mongolia,0,0,1,1,2004,MGL,1,21943000000.0,0
71,Syria,0,0,1,1,2004,SYR,1,0.0,0
71,Trinidad and Tobago,0,0,1,1,2004,TTO,1,28365000000.0,0
1,China,48,22,30,100,2008,CHN,100,18532600000000.0,1
1,China,48,22,30,100,2008,CHN,100,54677000000.0,1
2,United States,36,39,37,112,2008,USA,112,28781100000000.0,0
3,Russia,24,13,23,60,2008,ROC,60,2056840000000.0,0
4,Great Britain,19,13,19,51,2008,GBR,51,3495260000000.0,0
4,Great Britain,19,13,19,51,2008,GBR,51,564020000000.0,0
4,Great Britain,19,13,19,51,2008,GBR,51,0.0,0
4,Great Britain,19,13,19,51,2008,GBR,51,0.0,0
4,Great Britain,19,13,19,51,2008,GBR,51,0.0,0
5,Germany,16,11,14,41,2008,GER,41,4591100000000.0,0
6,Australia,14,15,17,46,2008,AUS,46,1790350000000.0,0
7,South Korea,13,11,8,32,2008,KOR,32,1760950000000.0,0
8,Japan,9,8,8,25,2008,JPN,25,4110450000000.0,0
9,Italy,8,9,10,27,2008,ITA,27,2328030000000.0,0
10,France,7,16,20,43,2008,FRA,43,3130010000000.0,0
10,France,7,16,20,43,2008,FRA,43,0.0,0
10,France,7,16,20,43,2008,FRA,43,0.0,0
11,Netherlands,7,5,4,16,2008,NED,16,1142510000000.0,0
11,Netherlands,7,5,4,16,2008,NED,16,0.0,0
11,Netherlands,7,5,4,16,2008,NED,16,0.0,0
12,Ukraine,7,4,11,22,2008,UKR,22,188943000000.0,0
13,Kenya,6,4,6,16,2008,KEN,16,104001000000.0,0
14,Spain,5,11,3,19,2008,ESP,19,1647110000000.0,0
15,Jamaica,5,4,2,11,2008,JAM,11,20098000000.0,0
16,Poland,4,5,2,11,2008,POL,11,844623000000.0,0
17,Ethiopia,4,2,1,7,2008,ETH,7,205130000000.0,0
18,Romania,4,1,4,9,2008,ROU,9,369971000000.0,0
19,Cuba,3,10,17,30,2008,CUB,30,0.0,0
20,Canada,3,9,8,20,2008,CAN,20,2242180000000.0,0
21,Hungary,3,5,2,10,2008,HUN,10,223413000000.0,0
22,Norway,3,5,1,9,2008,NOR,9,526951000000.0,0
23,Brazil,3,4,10,17,2008,BRA,17,2331390000000.0,0
24,Belarus,3,4,7,14,2008,BLR,14,69048000000.0,0
25,Czech Republic,3,3,1,7,2008,CZE,7,325880000000.0,0
26,Slovakia,3,3,0,6,2008,SVK,6,140808000000.0,0
27,New Zealand,3,2,4,9,2008,NZL,9,257626000000.0,0
28,Georgia,3,2,2,7,2008,GEO,7,32865000000.000004,0
29,Kazakhstan,2,3,4,9,2008,KAZ,9,296740000000.0,0
30,Denmark,2,2,3,7,2008,DEN,7,409989000000.0,0
30,Denmark,2,2,3,7,2008,DEN,7,0.0,0
31,North Korea,2,2,2,6,2008,PRK,6,0.0,0
31,Thailand,2,2,2,6,2008,THA,6,548890000000.0,0
33,Mongolia,2,2,0,4,2008,MGL,4,21943000000.0,0
34,Switzerland,2,1,4,7,2008,SUI,7,938458000000.0,0
35,Argentina,2,0,4,6,2008,ARG,6,604260000000.0,0
36,Mexico,2,0,2,4,2008,MEX,4,2017030000000.0,0
37,Belgium,2,0,0,2,2008,BEL,2,655192000000.0,0
38,Zimbabwe,1,3,0,4,2008,ZIM,4,34405000000.0,0
39,Slovenia,1,2,2,5,2008,SLO,5,72101000000.0,0
40,Azerbaijan,1,1,4,6,2008,AZE,6,78749000000.0,0
40,Indonesia,1,1,4,6,2008,INA,6,1475690000000.0,0
42,Bulgaria,1,1,3,5,2008,BUL,5,107933000000.0,0
42,Turkey,1,1,3,5,2008,TUR,5,1113560000000.0,0
44,Chinese Taipei,1,1,2,4,2008,TPE,4,802958000000.0,0
44,Finland,1,1,2,4,2008,FIN,4,308055000000.0,0
46,Latvia,1,1,1,3,2008,LAT,3,45466000000.0,0
47,Dominican Republic,1,1,0,2,2008,DOM,2,127356000000.0,0
47,Estonia,1,1,0,2,2008,EST,2,43486000000.0,0
47,Portugal,1,1,0,2,2008,POR,2,298949000000.0,0
47,Trinidad and Tobago,1,1,0,2,2008,TTO,2,28365000000.0,0
51,India,1,0,2,3,2008,IND,3,3937010000000.0,0
52,Iran,1,0,1,2,2008,IRI,2,464181000000.0,0
53,Cameroon,1,0,0,1,2008,CMR,1,53205000000.0,0
53,Panama,1,0,0,1,2008,PAN,1,87347000000.0,0
53,Tunisia,1,0,0,1,2008,TUN,1,54708000000.0,0
56,Sweden,0,4,1,5,2008,SWE,5,623048000000.0,0
57,Lithuania,0,3,2,5,2008,LTU,5,81170000000.0,0
57,Nigeria,0,3,2,5,2008,NIG,5,252738000000.0,0
57,Nigeria,0,3,2,5,2008,NIG,5,18816000000.0,0
59,Croatia,0,2,3,5,2008,CRO,5,88076000000.0,0
60,Colombia,0,2,1,3,2008,COL,3,386076000000.0,0
60,Greece,0,2,1,3,2008,GRE,3,250276000000.0,0
62,Armenia,0,1,4,5,2008,ARM,5,25408000000.0,0
63,Uzbekistan,0,1,3,4,2008,UZB,4,97956000000.0,0
64,Austria,0,1,2,3,2008,AUT,3,540887000000.0,0
64,Ireland,0,1,2,3,2008,GBR,3,3495260000000.0,0
64,Ireland,0,1,2,3,2008,GBR,3,564020000000.0,0
64,Ireland,0,1,2,3,2008,GBR,3,0.0,0
64,Ireland,0,1,2,3,2008,GBR,3,0.0,0
64,Ireland,0,1,2,3,2008,GBR,3,0.0,0
64,Kyrgyzstan,0,1,2,3,2008,KGZ,3,13599000000.0,0
64,Serbia,0,1,2,3,2008,SRB,3,81873000000.0,0
68,Algeria,0,1,1,2,2008,ALG,2,266780000000.0,0
68,Bahamas,0,1,1,2,2008,BAH,2,14390000000.0,0
68,Morocco,0,1,1,2,2008,MAR,2,152377000000.0,0
68,Tajikistan,0,1,1,2,2008,TJK,2,12953000000.0,0
72,Chile,0,1,0,1,2008,CHI,1,333760000000.0,0
72,Ecuador,0,1,0,1,2008,ECU,1,121592000000.0,0
72,Iceland,0,1,0,1,2008,ISL,1,33338000000.0,0
72,Malaysia,0,1,0,1,2008,MAS,1,445519000000.0,0
72,Samoa,0,1,0,1,2008,SAM,1,1024000000.0,0
72,Singapore,0,1,0,1,2008,SGP,1,525228000000.0,0
72,South Africa,0,1,0,1,2008,RSA,1,373233000000.0,0
72,Sudan,0,1,0,1,2008,SUD,1,26865000000.0,0
72,Vietnam,0,1,0,1,2008,VIE,1,465814000000.0,0
81,Egypt,0,0,2,2,2008,EGY,2,347594000000.0,0
82,Afghanistan,0,0,1,1,2008,AFG,1,0.0,0
82,Israel,0,0,1,1,2008,ISR,1,530664000000.0,0
82,Mauritius,0,0,1,1,2008,MRI,1,16359000000.000002,0
82,Moldova,0,0,1,1,2008,MDA,1,18356000000.0,0
82,Togo,0,0,1,1,2008,TOG,1,9832000000.0,0
82,Venezuela,0,0,1,1,2008,VEN,1,102328000000.0,0
1,United States,48,26,30,104,2012,USA,104,28781100000000.0,0
2,China,39,31,22,92,2012,CHN,92,18532600000000.0,0
2,China,39,31,22,92,2012,CHN,92,54677000000.0,0
3,Great Britain,29,18,18,65,2012,GBR,65,3495260000000.0,1
3,Great Britain,29,18,18,65,2012,GBR,65,564020000000.0,1
3,Great Britain,29,18,18,65,2012,GBR,65,0.0,1
3,Great Britain,29,18,18,65,2012,GBR,65,0.0,1
3,Great Britain,29,18,18,65,2012,GBR,65,0.0,1
4,Russia,18,21,26,65,2012,ROC,65,2056840000000.0,0
5,South Korea,13,9,9,31,2012,KOR,31,1760950000000.0,0
6,Germany,11,20,13,44,2012,GER,44,4591100000000.0,0
7,France,11,11,13,35,2012,FRA,35,3130010000000.0,0
7,France,11,11,13,35,2012,FRA,35,0.0,0
7,France,11,11,13,35,2012,FRA,35,0.0,0
8,Australia,8,15,12,35,2012,AUS,35,1790350000000.0,0
9,Italy,8,9,11,28,2012,ITA,28,2328030000000.0,0
10,Hungary,8,4,6,18,2012,HUN,18,223413000000.0,0
11,Japan,7,14,17,38,2012,JPN,38,4110450000000.0,0
12,Iran,7,5,1,13,2012,IRI,13,464181000000.0,0
13,Netherlands,6,6,8,20,2012,NED,20,1142510000000.0,0
13,Netherlands,6,6,8,20,2012,NED,20,0.0,0
13,Netherlands,6,6,8,20,2012,NED,20,0.0,0
14,New Zealand,6,2,5,13,2012,NZL,13,257626000000.0,0
15,Ukraine,5,4,10,19,2012,UKR,19,188943000000.0,0
16,Cuba,5,3,7,15,2012,CUB,15,0.0,0
17,Spain,4,10,6,20,2012,ESP,20,1647110000000.0,0
18,Jamaica,4,5,4,13,2012,JAM,13,20098000000.0,0
19,Czech Republic,4,4,3,11,2012,CZE,11,325880000000.0,0
20,South Africa,4,1,1,6,2012,RSA,6,373233000000.0,0
21,North Korea,4,0,2,6,2012,PRK,6,0.0,0
22,Brazil,3,5,9,17,2012,BRA,17,2331390000000.0,0
23,Kazakhstan,3,2,6,11,2012,KAZ,11,296740000000.0,0
23,Poland,3,2,6,11,2012,POL,11,844623000000.0,0
25,Ethiopia,3,2,3,8,2012,ETH,8,205130000000.0,0
26,Croatia,3,1,2,6,2012,CRO,6,88076000000.0,0
27,Canada,2,6,10,18,2012,CAN,18,2242180000000.0,0
28,Belarus,2,5,3,10,2012,BLR,10,69048000000.0,0
29,Kenya,2,4,7,13,2012,KEN,13,104001000000.0,0
30,Denmark,2,4,3,9,2012,DEN,9,409989000000.0,0
30,Denmark,2,4,3,9,2012,DEN,9,0.0,0
31,Romania,2,4,1,7,2012,ROU,7,369971000000.0,0
32,Azerbaijan,2,2,5,9,2012,AZE,9,78749000000.0,0
33,Switzerland,2,2,0,4,2012,SUI,4,938458000000.0,0
34,Norway,2,1,1,4,2012,NOR,4,526951000000.0,0
35,Lithuania,2,0,3,5,2012,LTU,5,81170000000.0,0
36,Tunisia,2,0,1,3,2012,TUN,3,54708000000.0,0
37,Sweden,1,4,3,8,2012,SWE,8,623048000000.0,0
38,Colombia,1,3,5,9,2012,COL,9,386076000000.0,0
39,Mexico,1,3,4,8,2012,MEX,8,2017030000000.0,0
40,Georgia,1,2,3,6,2012,GEO,6,32865000000.000004,0
41,Ireland,1,1,4,6,2012,GBR,6,3495260000000.0,1
41,Ireland,1,1,4,6,2012,GBR,6,564020000000.0,1
41,Ireland,1,1,4,6,2012,GBR,6,0.0,1
41,Ireland,1,1,4,6,2012,GBR,6,0.0,1
41,Ireland,1,1,4,6,2012,GBR,6,0.0,1
42,Argentina,1,1,2,4,2012,ARG,4,604260000000.0,0
42,Serbia,1,1,2,4,2012,SRB,4,81873000000.0,0
42,Slovenia,1,1,2,4,2012,SLO,4,72101000000.0,0
42,Trinidad and Tobago,1,1,2,4,2012,TTO,4,28365000000.0,0
46,Turkey,1,1,1,3,2012,TUR,3,1113560000000.0,0
47,Dominican Republic,1,1,0,2,2012,DOM,2,127356000000.0,0
48,Chinese Taipei,1,0,1,2,2012,TPE,2,802958000000.0,0
48,Latvia,1,0,1,2,2012,LAT,2,45466000000.0,0
50,Algeria,1,0,0,1,2012,ALG,1,266780000000.0,0
50,Bahamas,1,0,0,1,2012,BAH,1,14390000000.0,0
50,Bahrain,1,0,0,1,2012,BRN,1,46790000000.0,0
50,Grenada,1,0,0,1,2012,GRN,1,1406000000.0,0
50,Uganda,1,0,0,1,2012,UGA,1,56310000000.0,0
50,Venezuela,1,0,0,1,2012,VEN,1,102328000000.0,0
56,Egypt,0,3,1,4,2012,EGY,4,347594000000.0,0
57,India,0,2,4,6,2012,IND,6,3937010000000.0,0
58,Mongolia,0,2,3,5,2012,MGL,5,21943000000.0,0
59,Thailand,0,2,2,4,2012,THA,4,548890000000.0,0
60,Bulgaria,0,2,1,3,2012,BUL,3,107933000000.0,0
60,Finland,0,2,1,3,2012,FIN,3,308055000000.0,0
60,Indonesia,0,2,1,3,2012,INA,3,1475690000000.0,0
63,Slovakia,0,1,3,4,2012,SVK,4,140808000000.0,0
64,Belgium,0,1,2,3,2012,BEL,3,655192000000.0,0
65,Armenia,0,1,1,2,2012,ARM,2,25408000000.0,0
65,Estonia,0,1,1,2,2012,EST,2,43486000000.0,0
65,Malaysia,0,1,1,2,2012,MAS,2,445519000000.0,0
65,Puerto Rico,0,1,1,2,2012,PUR,2,117763000000.0,0
65,Qatar,0,1,1,2,2012,QAT,2,244686000000.0,0
70,Botswana,0,1,0,1,2012,BOT,1,21418000000.0,0
70,Cyprus,0,1,0,1,2012,CYP,1,34221000000.0,0
70,Gabon,0,1,0,1,2012,GAB,1,21013000000.0,0
70,Guatemala,0,1,0,1,2012,GUA,1,110035000000.0,0
70,Montenegro,0,1,0,1,2012,MNE,1,8010999999.999999,0
70,Portugal,0,1,0,1,2012,POR,1,298949000000.0,0
76,Uzbekistan,0,0,3,3,2012,UZB,3,97956000000.0,0
77,Greece,0,0,2,2,2012,GRE,2,250276000000.0,0
77,Singapore,0,0,2,2,2012,SGP,2,525228000000.0,0
79,Afghanistan,0,0,1,1,2012,AFG,1,0.0,0
79,Cameroon,0,0,1,1,2012,CMR,1,53205000000.0,0
79,Hong Kong,0,0,1,1,2012,HKG,1,406775000000.0,0
79,Kuwait,0,0,1,1,2012,KUW,1,160397000000.0,0
79,Morocco,0,0,1,1,2012,MAR,1,152377000000.0,0
79,Saudi Arabia,0,0,1,1,2012,KSA,1,1106020000000.0,0
79,Tajikistan,0,0,1,1,2012,TJK,1,12953000000.0,0
79,Vietnam,0,0,1,1,2012,VIE,1,465814000000.0,0
1,United States,46,37,38,121,2016,USA,121,28781100000000.0,0
2,Great Britain,27,23,17,67,2016,GBR,67,3495260000000.0,0
2,Great Britain,27,23,17,67,2016,GBR,67,564020000000.0,0
2,Great Britain,27,23,17,67,2016,GBR,67,0.0,0
2,Great Britain,27,23,17,67,2016,GBR,67,0.0,0
2,Great Britain,27,23,17,67,2016,GBR,67,0.0,0
3,China,26,18,26,70,2016,CHN,70,18532600000000.0,0
3,China,26,18,26,70,2016,CHN,70,54677000000.0,0
4,Russia,19,17,20,56,2016,ROC,56,2056840000000.0,0
5,Germany,17,10,15,42,2016,GER,42,4591100000000.0,0
6,Japan,12,8,21,41,2016,JPN,41,4110450000000.0,0
7,France,10,18,14,42,2016,FRA,42,3130010000000.0,0
7,France,10,18,14,42,2016,FRA,42,0.0,0
7,France,10,18,14,42,2016,FRA,42,0.0,0
8,South Korea,9,3,9,21,2016,KOR,21,1760950000000.0,0
9,Italy,8,12,8,28,2016,ITA,28,2328030000000.0,0
10,Australia,8,11,10,29,2016,AUS,29,1790350000000.0,0
11,Netherlands,8,7,4,19,2016,NED,19,1142510000000.0,0
11,Netherlands,8,7,4,19,2016,NED,19,0.0,0
11,Netherlands,8,7,4,19,2016,NED,19,0.0,0
12,Hungary,8,3,4,15,2016,HUN,15,223413000000.0,0
13,Brazil,7,6,6,19,2016,BRA,19,2331390000000.0,1
14,Spain,7,4,6,17,2016,ESP,17,1647110000000.0,0
15,Kenya,6,6,1,13,2016,KEN,13,104001000000.0,0
16,Jamaica,6,3,2,11,2016,JAM,11,20098000000.0,0
17,Croatia,5,3,2,10,2016,CRO,10,88076000000.0,0
18,Cuba,5,2,4,11,2016,CUB,11,0.0,0
19,New Zealand,4,9,5,18,2016,NZL,18,257626000000.0,0
20,Canada,4,3,15,22,2016,CAN,22,2242180000000.0,0
21,Uzbekistan,4,2,7,13,2016,UZB,13,97956000000.0,0
22,Colombia,3,2,3,8,2016,COL,8,386076000000.0,0
23,Switzerland,3,2,2,7,2016,SUI,7,938458000000.0,0
24,Iran,3,1,4,8,2016,IRI,8,464181000000.0,0
25,Greece,3,1,2,6,2016,GRE,6,250276000000.0,0
26,Argentina,3,1,0,4,2016,ARG,4,604260000000.0,0
27,Denmark,2,6,7,15,2016,DEN,15,409989000000.0,0
27,Denmark,2,6,7,15,2016,DEN,15,0.0,0
28,Sweden,2,6,3,11,2016,SWE,11,623048000000.0,0
29,South Africa,2,6,2,10,2016,RSA,10,373233000000.0,0
30,Kazakhstan,2,5,10,17,2016,KAZ,17,296740000000.0,0
31,Ukraine,2,5,4,11,2016,UKR,11,188943000000.0,0
32,Serbia,2,4,2,8,2016,SRB,8,81873000000.0,0
33,Poland,2,3,6,11,2016,POL,11,844623000000.0,0
34,North Korea,2,3,2,7,2016,PRK,7,0.0,0
35,Belgium,2,2,2,6,2016,BEL,6,655192000000.0,0
35,Thailand,2,2,2,6,2016,THA,6,548890000000.0,0
37,Slovakia,2,2,0,4,2016,SVK,4,140808000000.0,0
38,Georgia,2,1,4,7,2016,GEO,7,32865000000.000004,0
39,Azerbaijan,1,7,10,18,2016,AZE,18,78749000000.0,0
40,Belarus,1,4,4,9,2016,BLR,9,69048000000.0,0
41,Turkey,1,3,4,8,2016,TUR,8,1113560000000.0,0
42,Armenia,1,3,0,4,2016,ARM,4,25408000000.0,0
43,Czech Republic,1,2,7,10,2016,CZE,10,325880000000.0,0
44,Ethiopia,1,2,5,8,2016,ETH,8,205130000000.0,0
45,Slovenia,1,2,1,4,2016,SLO,4,72101000000.0,0
46,Indonesia,1,2,0,3,2016,INA,3,1475690000000.0,0
47,Romania,1,1,2,4,2016,ROU,4,369971000000.0,0
48,Bahrain,1,1,0,2,2016,BRN,2,46790000000.0,0
48,Vietnam,1,1,0,2,2016,VIE,2,465814000000.0,0
50,Chinese Taipei,1,0,2,3,2016,TPE,3,802958000000.0,0
51,Bahamas,1,0,1,2,2016,BAH,2,14390000000.0,0
51,Ivory Coast,1,0,1,2,2016,CIV,2,86911000000.0,0
54,Fiji,1,0,0,1,2016,FIJ,1,5801000000.0,0
54,Jordan,1,0,0,1,2016,JOR,1,53570000000.0,0
54,Kosovo,1,0,0,1,2016,KOS,1,0.0,0
54,Puerto Rico,1,0,0,1,2016,PUR,1,117763000000.0,0
54,Singapore,1,0,0,1,2016,SGP,1,525228000000.0,0
54,Tajikistan,1,0,0,1,2016,TJK,1,12953000000.0,0
60,Malaysia,0,4,1,5,2016,MAS,5,445519000000.0,0
61,Mexico,0,3,2,5,2016,MEX,5,2017030000000.0,0
62,Venezuela,0,2,1,3,2016,VEN,3,102328000000.0,0
63,Algeria,0,2,0,2,2016,ALG,2,266780000000.0,0
63,Ireland,0,2,0,2,2016,GBR,2,3495260000000.0,0
63,Ireland,0,2,0,2,2016,GBR,2,564020000000.0,0
63,Ireland,0,2,0,2,2016,GBR,2,0.0,0
63,Ireland,0,2,0,2,2016,GBR,2,0.0,0
63,Ireland,0,2,0,2,2016,GBR,2,0.0,0
65,Lithuania,0,1,3,4,2016,LTU,4,81170000000.0,0
66,Bulgaria,0,1,2,3,2016,BUL,3,107933000000.0,0
67,India,0,1,1,2,2016,IND,2,3937010000000.0,0
67,Mongolia,0,1,1,2,2016,MGL,2,21943000000.0,0
69,Burundi,0,1,0,1,2016,BDI,1,3075000000.0,0
69,Grenada,0,1,0,1,2016,GRN,1,1406000000.0,0
69,Niger,0,1,0,1,2016,NIG,1,252738000000.0,0
69,Niger,0,1,0,1,2016,NIG,1,18816000000.0,0
69,Philippines,0,1,0,1,2016,PHI,1,471516000000.0,0
69,Qatar,0,1,0,1,2016,QAT,1,244686000000.0,0
74,Norway,0,0,4,4,2016,NOR,4,526951000000.0,0
75,Egypt,0,0,3,3,2016,EGY,3,347594000000.0,0
75,Tunisia,0,0,3,3,2016,TUN,3,54708000000.0,0
77,Israel,0,0,2,2,2016,ISR,2,530664000000.0,0
78,Austria,0,0,1,1,2016,AUT,1,540887000000.0,0
78,Dominican Republic,0,0,1,1,2016,DOM,1,127356000000.0,0
78,Estonia,0,0,1,1,2016,EST,1,43486000000.0,0
78,Finland,0,0,1,1,2016,FIN,1,308055000000.0,0
78,Morocco,0,0,1,1,2016,MAR,1,152377000000.0,0
78,Nigeria,0,0,1,1,2016,NIG,1,252738000000.0,0
78,Nigeria,0,0,1,1,2016,NIG,1,18816000000.0,0
78,Portugal,0,0,1,1,2016,POR,1,298949000000.0,0
78,Trinidad and Tobago,0,0,1,1,2016,TTO,1,28365000000.0,0
78,United Arab Emirates,0,0,1,1,2016,UAE,1,527796000000.00006,0
1,United States,39,41,33,113,2020,USA,113,28781100000000.0,0
2,China,38,32,19,89,2020,CHN,89,18532600000000.0,0
2,China,38,32,19,89,2020,CHN,89,54677000000.0,0
3,Japan,27,14,17,58,2020,JPN,58,4110450000000.0,1
4,Great Britain,22,20,22,64,2020,GBR,64,3495260000000.0,0
4,Great Britain,22,20,22,64,2020,GBR,64,564020000000.0,0
4,Great Britain,22,20,22,64,2020,GBR,64,0.0,0
4,Great Britain,22,20,22,64,2020,GBR,64,0.0,0
4,Great Britain,22,20,22,64,2020,GBR,64,0.0,0
5,ROC,20,28,23,71,2020,MAR,71,152377000000.0,0
6,Australia,17,7,22,46,2020,AUS,46,1790350000000.0,0
7,Netherlands,10,12,14,36,2020,NED,36,1142510000000.0,0
7,Netherlands,10,12,14,36,2020,NED,36,0.0,0
7,Netherlands,10,12,14,36,2020,NED,36,0.0,0
8,France,10,12,11,33,2020,FRA,33,3130010000000.0,0
8,France,10,12,11,33,2020,FRA,33,0.0,0
8,France,10,12,11,33,2020,FRA,33,0.0,0
9,Germany,10,11,16,37,2020,GER,37,4591100000000.0,0
10,Italy,10,10,20,40,2020,ITA,40,2328030000000.0,0
11,Canada,7,7,10,24,2020,CAN,24,2242180000000.0,0
12,Brazil,7,6,8,21,2020,BRA,21,2331390000000.0,0
13,New Zealand,7,6,7,20,2020,NZL,20,257626000000.0,0
14,Cuba,7,3,5,15,2020,CUB,15,0.0,0
15,Hungary,6,7,7,20,2020,HUN,20,223413000000.0,0
16,South Korea,6,4,10,20,2020,KOR,20,1760950000000.0,0
17,Poland,4,5,5,14,2020,POL,14,844623000000.0,0
18,Czech Republic,4,4,3,11,2020,CZE,11,325880000000.0,0
19,Kenya,4,4,2,10,2020,KEN,10,104001000000.0,0
20,Norway,4,2,2,8,2020,NOR,8,526951000000.0,0
21,Jamaica,4,1,4,9,2020,JAM,9,20098000000.0,0
22,Spain,3,8,6,17,2020,ESP,17,1647110000000.0,0
23,Sweden,3,6,0,9,2020,SWE,9,623048000000.0,0
24,Switzerland,3,4,6,13,2020,SUI,13,938458000000.0,0
25,Denmark,3,4,4,11,2020,DEN,11,409989000000.0,0
25,Denmark,3,4,4,11,2020,DEN,11,0.0,0
26,Croatia,3,3,2,8,2020,CRO,8,88076000000.0,0
27,Iran,3,2,2,7,2020,IRI,7,464181000000.0,0
28,Serbia,3,1,5,9,2020,SRB,9,81873000000.0,0
29,Belgium,3,1,3,7,2020,BEL,7,655192000000.0,0
30,Bulgaria,3,1,2,6,2020,BUL,6,107933000000.0,0
31,Slovenia,3,1,1,5,2020,SLO,5,72101000000.0,0
32,Uzbekistan,3,0,2,5,2020,UZB,5,97956000000.0,0
33,Georgia,2,5,1,8,2020,GEO,8,32865000000.000004,0
34,Chinese Taipei,2,4,6,12,2020,TPE,12,802958000000.0,0
35,Turkey,2,2,9,13,2020,TUR,13,1113560000000.0,0
36,Greece,2,1,1,4,2020,GRE,4,250276000000.0,0
36,Uganda,2,1,1,4,2020,UGA,4,56310000000.0,0
38,Ecuador,2,1,0,3,2020,ECU,3,121592000000.0,0
39,Ireland,2,0,2,4,2020,GBR,4,3495260000000.0,0
39,Ireland,2,0,2,4,2020,GBR,4,564020000000.0,0
39,Ireland,2,0,2,4,2020,GBR,4,0.0,0
39,Ireland,2,0,2,4,2020,GBR,4,0.0,0
39,Ireland,2,0,2,4,2020,GBR,4,0.0,0
39,Israel,2,0,2,4,2020,ISR,4,530664000000.0,0
41,Qatar,2,0,1,3,2020,QAT,3,244686000000.0,0
42,Bahamas,2,0,0,2,2020,BAH,2,14390000000.0,0
42,Kosovo,2,0,0,2,2020,KOS,2,0.0,0
44,Ukraine,1,6,12,19,2020,UKR,19,188943000000.0,0
45,Belarus,1,3,3,7,2020,BLR,7,69048000000.0,0
46,Romania,1,3,0,4,2020,ROU,4,369971000000.0,0
46,Venezuela,1,3,0,4,2020,VEN,4,102328000000.0,0
48,India,1,2,4,7,2020,IND,7,3937010000000.0,0
49,Hong Kong,1,2,3,6,2020,HKG,6,406775000000.0,0
50,Philippines,1,2,1,4,2020,PHI,4,471516000000.0,0
50,Slovakia,1,2,1,4,2020,SVK,4,140808000000.0,0
52,South Africa,1,2,0,3,2020,RSA,3,373233000000.0,0
53,Austria,1,1,5,7,2020,AUT,7,540887000000.0,0
54,Egypt,1,1,4,6,2020,EGY,6,347594000000.0,0
55,Indonesia,1,1,3,5,2020,INA,5,1475690000000.0,0
56,Ethiopia,1,1,2,4,2020,ETH,4,205130000000.0,0
56,Portugal,1,1,2,4,2020,POR,4,298949000000.0,0
58,Tunisia,1,1,0,2,2020,TUN,2,54708000000.0,0
59,Estonia,1,0,1,2,2020,EST,2,43486000000.0,0
59,Fiji,1,0,1,2,2020,FIJ,2,5801000000.0,0
59,Latvia,1,0,1,2,2020,LAT,2,45466000000.0,0
59,Thailand,1,0,1,2,2020,THA,2,548890000000.0,0
63,Bermuda,1,0,0,1,2020,BER,1,0.0,0
63,Morocco,1,0,0,1,2020,MAR,1,152377000000.0,0
63,Puerto Rico,1,0,0,1,2020,PUR,1,117763000000.0,0
66,Colombia,0,4,1,5,2020,COL,5,386076000000.0,0
67,Azerbaijan,0,3,4,7,2020,AZE,7,78749000000.0,0
68,Dominican Republic,0,3,2,5,2020,DOM,5,127356000000.0,0
69,Armenia,0,2,2,4,2020,ARM,4,25408000000.0,0
70,Kyrgyzstan,0,2,1,3,2020,KGZ,3,13599000000.0,0
71,Mongolia,0,1,3,4,2020,MGL,4,21943000000.0,0
72,Argentina,0,1,2,3,2020,ARG,3,604260000000.0,0
72,San Marino,0,1,2,3,2020,SMR,3,2034000000.0,0
74,Jordan,0,1,1,2,2020,JOR,2,53570000000.0,0
74,Malaysia,0,1,1,2,2020,MAS,2,445519000000.0,0
74,Nigeria,0,1,1,2,2020,NIG,2,252738000000.0,0
74,Nigeria,0,1,1,2,2020,NIG,2,18816000000.0,0
77,Bahrain,0,1,0,1,2020,BRN,1,46790000000.0,0
77,Lithuania,0,1,0,1,2020,LTU,1,81170000000.0,0
77,Namibia,0,1,0,1,2020,NAM,1,12765000000.0,0
77,North Macedonia,0,1,0,1,2020,MKD,1,15873000000.0,0
77,Saudi Arabia,0,1,0,1,2020,KSA,1,1106020000000.0,0
77,Turkmenistan,0,1,0,1,2020,TKM,1,81896000000.0,0
83,Kazakhstan,0,0,8,8,2020,KAZ,8,296740000000.0,0
84,Mexico,0,0,4,4,2020,MEX,4,2017030000000.0,0
85,Finland,0,0,2,2,2020,FIN,2,308055000000.0,0
86,Botswana,0,0,1,1,2020,BOT,1,21418000000.0,0
86,Burkina Faso,0,0,1,1,2020,BUR,1,21902000000.0,0
86,Ghana,0,0,1,1,2020,GHA,1,75244000000.0,0
86,Grenada,0,0,1,1,2020,GRN,1,1406000000.0,0
86,Ivory Coast,0,0,1,1,2020,CIV,1,86911000000.0,0
86,Kuwait,0,0,1,1,2020,KUW,1,160397000000.0,0
86,Moldova,0,0,1,1,2020,MDA,1,18356000000.0,0
86,Syria,0,0,1,1,2020,SYR,1,0.0,0
1,United States,40,44,42,126,2024,USA,126,28781100000000.0,0
2,China,40,27,24,91,2024,CHN,91,18532600000000.0,0
2,China,40,27,24,91,2024,CHN,91,54677000000.0,0
3,Japan,20,12,13,45,2024,JPN,45,4110450000000.0,0
4,Australia,18,19,16,53,2024,AUS,53,1790350000000.0,0
5,France,16,26,22,64,2024,FRA,64,3130010000000.0,1
5,France,16,26,22,64,2024,FRA,64,0.0,1
5,France,16,26,22,64,2024,FRA,64,0.0,1
6,Netherlands,15,7,12,34,2024,NED,34,1142510000000.0,0
6,Netherlands,15,7,12,34,2024,NED,34,0.0,0
6,Netherlands,15,7,12,34,2024,NED,34,0.0,0
7,Great Britain,14,22,29,65,2024,GBR,65,3495260000000.0,0
7,Great Britain,14,22,29,65,2024,GBR,65,564020000000.0,0
7,Great Britain,14,22,29,65,2024,GBR,65,0.0,0
7,Great Britain,14,22,29,65,2024,GBR,65,0.0,0
7,Great Britain,14,22,29,65,2024,GBR,65,0.0,0
8,South Korea,13,9,10,32,2024,KOR,32,1760950000000.0,0
9,Italy,12,13,15,40,2024,ITA,40,2328030000000.0,0
10,Germany,12,13,8,33,2024,GER,33,4591100000000.0,0
11,New Zealand,10,7,3,20,2024,NZL,20,257626000000.0,0
12,Canada,9,7,11,27,2024,CAN,27,2242180000000.0,0
13,Uzbekistan,8,2,3,13,2024,UZB,13,97956000000.0,0
14,Hungary,6,7,6,19,2024,HUN,19,223413000000.0,0
15,Spain,5,4,9,18,2024,ESP,18,1647110000000.0,0
16,Sweden,4,4,3,11,2024,SWE,11,623048000000.0,0
17,Kenya,4,2,5,11,2024,KEN,11,104001000000.0,0
18,Norway,4,1,3,8,2024,NOR,8,526951000000.0,0
19,Ireland,4,0,3,7,2024,GBR,7,3495260000000.0,0
19,Ireland,4,0,3,7,2024,GBR,7,564020000000.0,0
19,Ireland,4,0,3,7,2024,GBR,7,0.0,0
19,Ireland,4,0,3,7,2024,GBR,7,0.0,0
19,Ireland,4,0,3,7,2024,GBR,7,0.0,0
20,Brazil,3,7,10,20,2024,BRA,20,2331390000000.0,0
21,Iran,3,6,3,12,2024,IRI,12,464181000000.0,0
22,Ukraine,3,5,4,12,2024,UKR,12,188943000000.0,0
23,Romania,3,4,2,9,2024,ROU,9,369971000000.0,0
24,Georgia,3,3,1,7,2024,GEO,7,32865000000.000004,0
25,Belgium,3,1,6,10,2024,BEL,10,655192000000.0,0
26,Bulgaria,3,1,3,7,2024,BUL,7,107933000000.0,0
27,Serbia,3,1,1,5,2024,SRB,5,81873000000.0,0
28,Czech Republic,3,0,2,5,2024,CZE,5,325880000000.0,0
29,Denmark,2,2,5,9,2024,DEN,9,409989000000.0,0
29,Denmark,2,2,5,9,2024,DEN,9,0.0,0
30,Azerbaijan,2,2,3,7,2024,AZE,7,78749000000.0,0
30,Croatia,2,2,3,7,2024,CRO,7,88076000000.0,0
32,Cuba,2,1,6,9,2024,CUB,9,0.0,0
33,Bahrain,2,1,1,4,2024,BRN,4,46790000000.0,0
34,Slovenia,2,1,0,3,2024,SLO,3,72101000000.0,0
35,Chinese Taipei,2,0,5,7,2024,TPE,7,802958000000.0,0
36,Austria,2,0,3,5,2024,AUT,5,540887000000.0,0
37,Hong Kong,2,0,2,4,2024,HKG,4,406775000000.0,0
37,Philippines,2,0,2,4,2024,PHI,4,471516000000.0,0
39,Algeria,2,0,1,3,2024,ALG,3,266780000000.0,0
39,Indonesia,2,0,1,3,2024,INA,3,1475690000000.0,0
41,Israel,1,5,1,7,2024,ISR,7,530664000000.0,0
42,Poland,1,4,5,10,2024,POL,10,844623000000.0,0
43,Kazakhstan,1,3,3,7,2024,KAZ,7,296740000000.0,0
44,Jamaica,1,3,2,6,2024,JAM,6,20098000000.0,0
44,South Africa,1,3,2,6,2024,RSA,6,373233000000.0,0
44,Thailand,1,3,2,6,2024,THA,6,548890000000.0,0
47,Ethiopia,1,3,0,4,2024,ETH,4,205130000000.0,0
48,Switzerland,1,2,5,8,2024,SUI,8,938458000000.0,0
49,Ecuador,1,2,2,5,2024,ECU,5,121592000000.0,0
50,Portugal,1,2,1,4,2024,POR,4,298949000000.0,0
51,Greece,1,1,6,8,2024,GRE,8,250276000000.0,0
52,Argentina,1,1,1,3,2024,ARG,3,604260000000.0,0
52,Egypt,1,1,1,3,2024,EGY,3,347594000000.0,0
52,Tunisia,1,1,1,3,2024,TUN,3,54708000000.0,0
55,Botswana,1,1,0,2,2024,BOT,2,21418000000.0,0
55,Chile,1,1,0,2,2024,CHI,2,333760000000.0,0
55,Saint Lucia,1,1,0,2,2024,LCA,2,2582000000.0,0
55,Uganda,1,1,0,2,2024,UGA,2,56310000000.0,0
59,Dominican Republic,1,0,2,3,2024,DOM,3,127356000000.0,0
60,Guatemala,1,0,1,2,2024,GUA,2,110035000000.0,0
60,Morocco,1,0,1,2,2024,MAR,2,152377000000.0,0
62,Dominica,1,0,0,1,2024,DMA,1,708000000.0,0
62,Pakistan,1,0,0,1,2024,PAK,1,0.0,0
64,Turkey,0,3,5,8,2024,TUR,8,1113560000000.0,0
65,Mexico,0,3,2,5,2024,MEX,5,2017030000000.0,0
66,Armenia,0,3,1,4,2024,ARM,4,25408000000.0,0
66,Colombia,0,3,1,4,2024,COL,4,386076000000.0,0
68,Kyrgyzstan,0,2,4,6,2024,KGZ,6,13599000000.0,0
68,North Korea,0,2,4,6,2024,PRK,6,0.0,0
70,Lithuania,0,2,2,4,2024,LTU,4,81170000000.0,0
71,India,0,1,5,6,2024,IND,6,3937010000000.0,0
72,Moldova,0,1,3,4,2024,MDA,4,18356000000.0,0
73,Kosovo,0,1,1,2,2024,KOS,2,0.0,0
74,Cyprus,0,1,0,1,2024,CYP,1,34221000000.0,0
74,Fiji,0,1,0,1,2024,FIJ,1,5801000000.0,0
74,Jordan,0,1,0,1,2024,JOR,1,53570000000.0,0
74,Mongolia,0,1,0,1,2024,MGL,1,21943000000.0,0
74,Panama,0,1,0,1,2024,PAN,1,87347000000.0,0
79,Tajikistan,0,0,3,3,2024,TJK,3,12953000000.0,0
80,Albania,0,0,2,2,2024,ALB,2,25431000000.0,0
80,Grenada,0,0,2,2,2024,GRN,2,1406000000.0,0
80,Malaysia,0,0,2,2,2024,MAS,2,445519000000.0,0
80,Puerto Rico,0,0,2,2,2024,PUR,2,117763000000.0,0
84,Cabo Verde,0,0,1,1,2024,CPV,1,2718000000.0,0
84,Ivory Coast,0,0,1,1,2024,CIV,1,86911000000.0,0
84,Peru,0,0,1,1,2024,PER,1,282458000000.0,0
84,Qatar,0,0,1,1,2024,QAT,1,244686000000.0,0
84,Singapore,0,0,1,1,2024,SGP,1,525228000000.0,0
84,Slovakia,0,0,1,1,2024,SVK,1,140808000000.0,0
84,Zambia,0,0,1,1,2024,ZAM,1,29872000000.0,0
