NOC,Year,Weight
United States,1896,8.354292629054241e-09
Greece,1896,7.354455244018995e-08
Germany,1896,1.5558646653038163e-08
France,1896,1.6732876965865627e-08
Great Britain,1896,
Hungary,1896,3.7835098488530745e-08
Austria,1896,3.4708423875209546e-08
Australia,1896,1.1907652820503683e-08
Denmark,1896,4.704519318667803e-08
Switzerland,1896,2.6608964887517263e-08
Mixed team,1896,
France,1900,3.819866642149675e-08
United States,1900,1.3043741383456832e-08
Great Britain,1900,
Mixed team,1900,
Belgium,1900,5.985516376388746e-08
Switzerland,1900,5.39817685505309e-08
Germany,1900,1.658049828963026e-08
Italy,1900,1.576794750255247e-08
Australia,1900,2.372030757016011e-08
Denmark,1900,5.746112871638659e-08
Hungary,1900,4.255109007835095e-08
Cuba,1900,
Canada,1900,1.1829616683358836e-08
Spain,1900,6.8722538941434654e-09
Luxembourg,1900,6.470626719790542e-08
Austria,1900,4.604016419766761e-08
Norway,1900,5.4267925485974743e-08
Netherlands,1900,2.9179337112747895e-08
India,1900,1.9198160209850817e-09
Bohemia,1900,
Sweden,1900,1.5128387826175488e-08
United States,1904,2.229691263745693e-08
Germany,1904,2.438519530123789e-08
Canada,1904,2.5592216399106325e-08
Cuba,1904,
Hungary,1904,4.6683574918356284e-08
Mixed team,1904,
Norway,1904,4.0641231618376976e-08
Austria,1904,4.006161322556452e-08
Great Britain,1904,
Switzerland,1904,3.9695910997867596e-08
Greece,1904,3.113630208948017e-08
Australia,1904,2.6023980901523787e-08
France,1904,6.963118614281058e-09
Great Britain,1908,
United States,1908,1.9355879776743386e-08
Sweden,1908,1.060837661504407e-07
France,1908,3.675701426135154e-08
Germany,1908,2.8349702575133694e-08
Hungary,1908,8.157638641478256e-08
Canada,1908,4.5511724429867416e-08
Norway,1908,9.92786247874239e-08
Italy,1908,2.1129415201430705e-08
Belgium,1908,6.787973830400854e-08
Australasia,1908,
Russian Empire,1908,
Finland,1908,8.230172302050827e-08
South Africa,1908,1.4841710441164683e-08
Greece,1908,5.5712892086536925e-08
Denmark,1908,7.893123000399432e-08
Bohemia,1908,
Netherlands,1908,2.6690576752477258e-08
Austria,1908,2.4465682445025228e-08
United States,1912,2.5492875626888692e-08
Sweden,1912,1.666180751244906e-07
Great Britain,1912,
Finland,1912,1.8490720022451078e-07
France,1912,4.058381185394971e-08
Germany,1912,4.2748662078081435e-08
South Africa,1912,3.2108586060737444e-08
Norway,1912,1.3233368688470053e-07
Canada,1912,4.3109933920322693e-08
Hungary,1912,9.507845575701708e-08
Italy,1912,3.120289784888122e-08
Australasia,1912,
Belgium,1912,7.34255808235388e-08
Denmark,1912,1.3800882343434547e-07
Greece,1912,4.644990445030602e-08
Russian Empire,1912,
Austria,1912,6.938490488616818e-08
Netherlands,1912,4.113654934741799e-08
United States,1920,4.158365411254544e-08
Sweden,1920,2.4765916686524355e-07
Finland,1920,2.9756923737679045e-07
Great Britain,1920,
Belgium,1920,2.0326378852786893e-07
Norway,1920,2.8533395682827236e-07
Italy,1920,7.602408257681714e-08
France,1920,8.356315488014583e-08
Netherlands,1920,1.1000192198617177e-07
Denmark,1920,2.1183351669870952e-07
South Africa,1920,5.9026414390018215e-08
Canada,1920,6.739635208015206e-08
Switzerland,1920,1.5835653132099712e-07
Estonia,1920,2.5460224700966614e-07
Brazil,1920,1.7544495200640768e-08
Australia,1920,4.9887362787999805e-08
Japan,1920,1.784250586857551e-08
Spain,1920,2.960824525275993e-08
Greece,1920,4.372034961742911e-08
Luxembourg,1920,1.758898703114819e-07
Czechoslovakia,1920,
New Zealand,1920,6.062579054960975e-08
United States,1924,5.124464198530556e-08
Finland,1924,3.718588256381329e-07
France,1924,1.0004060693614823e-07
Great Britain,1924,
Italy,1924,8.278051308445777e-08
Switzerland,1924,2.5359970661586277e-07
Norway,1924,2.4112769879760365e-07
Sweden,1924,2.464633814829676e-07
Netherlands,1924,1.2965202460622554e-07
Belgium,1924,1.8144713756288398e-07
Australia,1924,8.552966463324298e-08
Denmark,1924,2.2574619371688464e-07
Hungary,1924,1.8155158676461544e-07
Yugoslavia,1924,
Czechoslovakia,1924,
Argentina,1924,6.801262072542043e-08
Estonia,1924,4.365042284184436e-07
South Africa,1924,4.168027195673966e-08
Uruguay,1924,9.603681876912712e-08
Austria,1924,1.2642753965639428e-07
Canada,1924,5.753787594834463e-08
Poland,1924,4.130202432433481e-08
Haiti,1924,5.4168331832865496e-08
Japan,1924,1.3749780118110924e-08
New Zealand,1924,7.404850779293404e-08
Portugal,1924,5.207185700273559e-08
Romania,1924,3.824800228941891e-08
United States,1928,5.4950408306799393e-08
Germany,1928,1.0120212447984458e-07
Finland,1928,4.0680628070158414e-07
Sweden,1928,2.883655738212417e-07
Italy,1928,1.0690812920207121e-07
Switzerland,1928,2.635901317349281e-07
France,1928,1.0309478099100518e-07
Netherlands,1928,1.978385799150756e-07
Hungary,1928,2.2174760882265673e-07
Canada,1928,1.2106648872844617e-07
Great Britain,1928,
Argentina,1928,8.877125071472403e-08
Denmark,1928,2.330163672655483e-07
Czechoslovakia,1928,
Japan,1928,4.341191028290678e-08
Estonia,1928,4.909127102879003e-07
Egypt,1928,4.391878941691532e-08
Austria,1928,1.3300924002232307e-07
Australia,1928,8.640265938812184e-08
Norway,1928,1.9767421090961017e-07
Poland,1928,8.227454520310879e-08
Yugoslavia,1928,
South Africa,1928,5.090839912882781e-08
India,1928,4.911938207436641e-09
Ireland,1928,8.747997254192197e-08
New Zealand,1928,9.044305165593448e-08
Spain,1928,2.786836376367875e-08
Uruguay,1928,1.1729963532954024e-07
Belgium,1928,1.1641679791691418e-07
Chile,1928,4.599952991626454e-08
Haiti,1928,6.616134990559726e-08
Philippines,1928,1.875615476584917e-08
Portugal,1928,6.360070976566321e-08
United States,1932,7.8180448587292e-08
Italy,1932,1.5739257611556177e-07
France,1932,1.2402515715328947e-07
Sweden,1932,3.4797062448475394e-07
Japan,1932,8.71346002748329e-08
Hungary,1932,3.332586507448088e-07
Germany,1932,1.1480406969379234e-07
Finland,1932,4.968743132857952e-07
Great Britain,1932,
Poland,1932,1.2913987658299976e-07
Australia,1932,1.1748745251162788e-07
Argentina,1932,8.391869988104838e-08
Canada,1932,1.511042464625252e-07
Netherlands,1932,1.772316711069969e-07
South Africa,1932,8.036604355280113e-08
Ireland,1932,1.6935051666473373e-07
Czechoslovakia,1932,
Austria,1932,2.0997372849043117e-07
India,1932,5.999454874475436e-09
Denmark,1932,3.2136382562744195e-07
Mexico,1932,3.2410284239494564e-08
Latvia,1932,1.9739658646746482e-07
New Zealand,1932,1.1046739274898113e-07
Switzerland,1932,8.048742848121095e-08
Philippines,1932,4.5817638326974395e-08
Belgium,1932,7.109589903594707e-08
Spain,1932,3.403849636636816e-08
Uruguay,1932,1.432700981226826e-07
Germany,1936,2.0147498915906414e-07
United States,1936,8.232900894754013e-08
Hungary,1936,4.070430352004463e-07
Italy,1936,1.77401452884475e-07
Finland,1936,5.67101339192275e-07
France,1936,1.4905704301394204e-07
Sweden,1936,4.081334831521531e-07
Japan,1936,1.1004394732222589e-07
Netherlands,1936,2.8476032873909685e-07
Austria,1936,4.137117475988759e-07
Switzerland,1936,4.1760341925142436e-07
Great Britain,1936,
Czechoslovakia,1936,
Argentina,1936,1.3243114425673065e-07
Estonia,1936,8.499415818092412e-07
Egypt,1936,7.294132267161771e-08
Canada,1936,1.4999333998546685e-07
Norway,1936,3.5654665160781726e-07
Turkey,1936,4.9455060377766035e-08
India,1936,7.327750731141774e-09
New Zealand,1936,1.349251781903683e-07
Poland,1936,1.5773180144693986e-07
Denmark,1936,3.2008192129520726e-07
Latvia,1936,3.821356241292837e-07
Romania,1936,6.969240404892946e-08
South Africa,1936,3.797320356888234e-08
Yugoslavia,1936,
Belgium,1936,1.7367345435276543e-07
Mexico,1936,4.995198377862208e-08
Australia,1936,5.5513183849622814e-08
Philippines,1936,2.798089491247582e-08
Portugal,1936,9.488110961593074e-08
United States,1948,1.6413393448065846e-07
Sweden,1948,9.158372793156306e-07
France,1948,3.0835999397050665e-07
Hungary,1948,8.723070580317921e-07
Italy,1948,3.2324652251739305e-07
Finland,1948,1.0333260118688796e-06
Turkey,1948,2.103883888328728e-07
Czechoslovakia,1948,
Switzerland,1948,7.867873265798505e-07
Denmark,1948,9.91008330306874e-07
Netherlands,1948,5.086063151538908e-07
Great Britain,1948,
Argentina,1948,2.413052777074165e-07
Australia,1948,3.8512010290674427e-07
Belgium,1948,4.746804994574052e-07
Egypt,1948,1.3290775536530514e-07
Mexico,1948,1.1763963845898406e-07
South Africa,1948,1.6065812461082524e-07
Norway,1948,6.942517513618017e-07
Jamaica,1948,7.379711886733256e-07
Austria,1948,4.1975421391314087e-07
India,1948,1.3352032371788727e-08
Peru,1948,9.563311670131124e-08
Yugoslavia,1948,
Canada,1948,1.6454641817293862e-07
Portugal,1948,2.740156929586294e-07
Uruguay,1948,5.053707887387651e-07
Ceylon,1948,
Cuba,1948,
Spain,1948,7.575406680769452e-08
Trinidad and Tobago,1948,4.990856720584947e-07
Panama,1948,4.366881190928617e-07
South Korea,1948,1.1528970917712897e-07
Brazil,1948,3.557321817797249e-08
Iran,1948,5.737957196745623e-08
Poland,1948,8.651785126784244e-08
Puerto Rico,1948,3.213430548087639e-07
United States,1952,1.9601324419175561e-07
Soviet Union,1952,
Hungary,1952,1.2026051955394071e-06
Sweden,1952,1.053034367461861e-06
Italy,1952,3.662402567538974e-07
Czechoslovakia,1952,
France,1952,3.260525846147784e-07
Finland,1952,1.2998196055074838e-06
Australia,1952,4.4291086996256577e-07
Norway,1952,7.306491324461555e-07
Switzerland,1952,8.547788818984613e-07
South Africa,1952,2.9235974436954245e-07
Jamaica,1952,1.1649909583593392e-06
Belgium,1952,4.487327828844587e-07
Denmark,1952,7.736415842329415e-07
Turkey,1952,1.3888563412914228e-07
Japan,1952,1.852244250812929e-07
Great Britain,1952,
Argentina,1952,2.5395613545916824e-07
Poland,1952,2.453654376763779e-07
Canada,1952,2.0097744900180384e-07
Yugoslavia,1952,
Romania,1952,3.601387043440962e-07
Brazil,1952,8.689845359841815e-08
New Zealand,1952,6.005630126936077e-07
India,1952,2.5847899981942434e-08
Luxembourg,1952,8.711882307754211e-07
Germany,1952,3.1206981648178147e-07
Netherlands,1952,3.9286295092104006e-07
Iran,1952,2.1025070238930293e-07
Chile,1952,2.420615240419454e-07
Austria,1952,3.499646562701113e-07
Lebanon,1952,
Ireland,1952,2.904437372369637e-07
Mexico,1952,5.5585092179357626e-08
Spain,1952,9.252622614076783e-08
South Korea,1952,1.408151687764291e-07
Trinidad and Tobago,1952,9.66168758027081e-07
Uruguay,1952,6.172612752591079e-07
Bulgaria,1952,2.7279480211833966e-07
Egypt,1952,6.27993245313124e-08
Portugal,1952,2.1116179279103407e-07
Venezuela,1952,1.333357453004647e-07
Soviet Union,1956,
United States,1956,2.379606248225788e-07
Australia,1956,7.801441585861246e-07
Hungary,1956,1.2871265200686435e-06
Italy,1956,4.715024510670023e-07
Sweden,1956,1.0752135675187593e-06
United Team of Germany,1956,
Great Britain,1956,
Romania,1956,7.212790058090285e-07
Japan,1956,2.943367304262297e-07
France,1956,3.662694498403907e-07
Turkey,1956,2.544529448912379e-07
Finland,1956,1.40385233291806e-06
Iran,1956,2.2127346887581992e-07
Canada,1956,3.44566897332642e-07
New Zealand,1956,5.813082328109577e-07
Poland,1956,4.287594896433268e-07
Czechoslovakia,1956,
Bulgaria,1956,8.612896623420123e-07
Denmark,1956,7.815380847990042e-07
Ireland,1956,9.170122980043354e-07
Norway,1956,6.904679393748281e-07
Mexico,1956,1.0760593317424754e-07
Brazil,1956,5.306900545248075e-08
India,1956,1.9918891655940167e-08
Yugoslavia,1956,
Chile,1956,4.331261794832079e-07
Belgium,1956,3.741251639984401e-07
Argentina,1956,1.9018766664982275e-07
South Korea,1956,1.719920355343204e-07
Iceland,1956,1.4479106570529863e-06
Pakistan,1956,
South Africa,1956,2.396737581711579e-07
Austria,1956,4.274477964268898e-07
Bahamas,1956,1.4851065765836242e-06
Greece,1956,2.6449270220632745e-07
Switzerland,1956,2.672276733680161e-07
Uruguay,1956,4.756734772992443e-07
Soviet Union,1960,
United States,1960,2.878976980767884e-07
Italy,1960,6.382583694454242e-07
United Team of Germany,1960,
Australia,1960,8.337388853772294e-07
Turkey,1960,3.441401556752155e-07
Hungary,1960,1.474413835653694e-06
Japan,1960,3.5334822814552646e-07
Poland,1960,7.030106800692433e-07
Czechoslovakia,1960,
Romania,1960,8.004672620202675e-07
Great Britain,1960,
Denmark,1960,1.154137622481022e-06
New Zealand,1960,8.959347348261721e-07
Bulgaria,1960,1.220886069564907e-06
Sweden,1960,8.530478981570983e-07
Finland,1960,1.1080888385773919e-06
Austria,1960,5.2208591752529e-07
Yugoslavia,1960,
Pakistan,1960,
Ethiopia,1960,8.978970463664436e-08
Greece,1960,3.2305211598804484e-07
Norway,1960,4.2166972278679206e-07
Switzerland,1960,9.162999207240564e-07
France,1960,2.959937834125112e-07
Belgium,1960,6.694306481483336e-07
Iran,1960,2.4276314761121756e-07
Netherlands,1960,4.5345543914755585e-07
South Africa,1960,2.5215095155913227e-07
Argentina,1960,2.3229574061414046e-07
Egypt,1960,1.4848813643782388e-07
Canada,1960,1.4991156104491498e-07
Formosa,1960,
Ghana,1960,1.828995143346258e-07
India,1960,2.4328989208058915e-08
Morocco,1960,1.6913839223392605e-07
Portugal,1960,3.150163776838731e-07
Singapore,1960,4.123717689133479e-07
Brazil,1960,1.0273509731560931e-07
British West Indies,1960,
Iraq,1960,1.5056723896214622e-07
Mexico,1960,8.292321333383236e-08
Spain,1960,1.380329093363388e-07
Venezuela,1960,1.9891355791763922e-07
United States,1964,3.708950555354145e-07
Soviet Union,1964,
Japan,1964,4.985297635597735e-07
United Team of Germany,1964,
Italy,1964,7.1939836585532e-07
Hungary,1964,1.8267508919925023e-06
Poland,1964,8.828300318573301e-07
Australia,1964,9.56280958469162e-07
Czechoslovakia,1964,
Great Britain,1964,
Bulgaria,1964,1.719560777837453e-06
Finland,1964,1.3534227637249254e-06
New Zealand,1964,1.4143585567736811e-06
Romania,1964,1.0458058196388175e-06
Netherlands,1964,9.580060831553381e-07
Turkey,1964,3.552232158837995e-07
Sweden,1964,1.176478456051122e-06
Denmark,1964,1.4096668753947407e-06
Yugoslavia,1964,
Belgium,1964,7.042805863331345e-07
France,1964,5.594319041107104e-07
Canada,1964,4.2515059319563126e-07
Switzerland,1964,9.256525240356458e-07
Bahamas,1964,2.215518669576927e-06
Ethiopia,1964,1.096693928975844e-07
India,1964,2.971549452197216e-08
South Korea,1964,3.237703936729728e-07
Trinidad and Tobago,1964,2.221471179980699e-06
Tunisia,1964,6.005611599321409e-07
Argentina,1964,1.790115905996988e-07
Cuba,1964,
Pakistan,1964,
Philippines,1964,1.1346812412135627e-07
Iran,1964,2.0240063992875217e-07
Brazil,1964,7.916965301327e-08
Ghana,1964,2.2339397127446742e-07
Ireland,1964,5.292229940751526e-07
Kenya,1964,1.722584717729448e-07
Mexico,1964,1.0128264148144699e-07
Nigeria,1964,8.196462036868093e-08
Uruguay,1964,7.096214414479166e-07
United States,1968,4.7021255483348426e-07
Soviet Union,1968,
Japan,1968,5.832867360290471e-07
Hungary,1968,2.4880934748041923e-06
East Germany,1968,
France,1968,6.832916706836174e-07
Czechoslovakia,1968,
West Germany,1968,
Australia,1968,1.1465567387860234e-06
Great Britain,1968,
Poland,1968,9.990271803022891e-07
Romania,1968,1.3807549479535722e-06
Italy,1968,7.470952480773148e-07
Kenya,1968,6.989236141596404e-07
Mexico,1968,4.10945418865409e-07
Yugoslavia,1968,
Netherlands,1968,1.014714035100138e-06
Bulgaria,1968,2.0167956879355314e-06
Iran,1968,4.0318654766625565e-07
Sweden,1968,1.0525498030521908e-06
Turkey,1968,2.449525176014933e-07
Denmark,1968,1.944137852861099e-06
Canada,1968,5.78105587051282e-07
Finland,1968,1.484864732495005e-06
Ethiopia,1968,2.1230651782170244e-07
Norway,1968,9.97032241925549e-07
New Zealand,1968,1.3365775648883658e-06
Tunisia,1968,7.335270571849878e-07
Pakistan,1968,
Venezuela,1968,2.967441583972314e-07
Cuba,1968,
Austria,1968,1.1410102520992016e-06
Switzerland,1968,1.2586714081494708e-06
Mongolia,1968,2.097167653064274e-06
Brazil,1968,1.9339606510598322e-07
Belgium,1968,6.817004950207401e-07
South Korea,1968,3.133899214645177e-07
Uganda,1968,3.6300014716041593e-07
Cameroon,1968,3.0082322116531553e-07
Jamaica,1968,1.0030068360485113e-06
Argentina,1968,3.4654452300504506e-07
Greece,1968,4.819371252562375e-07
India,1968,3.629458696923022e-08
Taiwan,1968,3.0358290669241013e-07
Soviet Union,1972,
United States,1972,5.585869964217044e-07
East Germany,1972,
West Germany,1972,
Japan,1972,7.437190137877332e-07
Australia,1972,1.4004075631403781e-06
Poland,1972,1.2809689770294853e-06
Hungary,1972,3.1145895410430956e-06
Bulgaria,1972,3.30681639096951e-06
Italy,1972,9.483270756111814e-07
Sweden,1972,2.263114888785717e-06
Great Britain,1972,
Romania,1972,1.72333350170835e-06
Cuba,1972,
Finland,1972,2.4759735983151113e-06
Netherlands,1972,1.0679122205634612e-06
France,1972,7.943801719301134e-07
Czechoslovakia,1972,
Kenya,1972,8.53667230077859e-07
Yugoslavia,1972,
Norway,1972,1.7840124219492201e-06
North Korea,1972,
New Zealand,1972,1.632499524249653e-06
Uganda,1972,4.433693809542795e-07
Denmark,1972,7.490951157039068e-07
Switzerland,1972,1.1894522486126727e-06
Canada,1972,7.060997585322399e-07
Iran,1972,3.8101377581706204e-07
Belgium,1972,8.32630864857485e-07
Greece,1972,9.329712709151607e-07
Austria,1972,1.2004101867509393e-06
Colombia,1972,5.048108086306886e-07
Argentina,1972,2.6705391202067856e-07
Lebanon,1972,
Mexico,1972,1.5109594600436884e-07
Mongolia,1972,1.1031721272579945e-06
Pakistan,1972,
South Korea,1972,2.4150433482318885e-07
Tunisia,1972,5.652701375731025e-07
Turkey,1972,1.8876514774362946e-07
Brazil,1972,1.871955522787202e-07
Ethiopia,1972,2.5931176644280856e-07
Ghana,1972,3.33264643651415e-07
India,1972,4.4330308630501944e-08
Jamaica,1972,1.2250753160031566e-06
Niger,1972,3.981303100803907e-07
Nigeria,1972,1.2227684499878893e-07
Spain,1972,2.515123591743415e-07
Soviet Union,1976,
East Germany,1976,
United States,1976,6.822596981018748e-07
West Germany,1976,
Japan,1976,8.701615586146967e-07
Poland,1976,1.6682389074543357e-06
Bulgaria,1976,4.097038189539758e-06
Cuba,1976,
Romania,1976,2.4756006979265697e-06
Hungary,1976,3.3285571439296706e-06
Finland,1976,2.6782631180135005e-06
Sweden,1976,1.748098611816651e-06
Great Britain,1976,
Italy,1976,1.0381576605550927e-06
France,1976,8.465530052661405e-07
Yugoslavia,1976,
Czechoslovakia,1976,
New Zealand,1976,2.314891981274144e-06
South Korea,1976,8.280968810750783e-07
Switzerland,1976,1.686648866674278e-06
Jamaica,1976,2.3715958257637144e-06
North Korea,1976,
Norway,1976,1.48739732284918e-06
Denmark,1976,1.8298936808901268e-06
Mexico,1976,2.9250325278193544e-07
Trinidad and Tobago,1976,2.02389220078426e-06
Canada,1976,1.1960665073671632e-06
Belgium,1976,1.801315278793759e-06
Netherlands,1976,1.3043509316691632e-06
Portugal,1976,1.1111884290007542e-06
Spain,1976,4.86897134693648e-07
Australia,1976,1.060325844931567e-06
Iran,1976,3.687980112252493e-07
Mongolia,1976,1.3474174789583366e-06
Venezuela,1976,4.4269026437776294e-07
Brazil,1976,2.2864116386854515e-07
Austria,1976,7.330921565105809e-07
Bermuda,1976,
Pakistan,1976,
Puerto Rico,1976,1.3031103452062657e-06
Thailand,1976,2.61382550960771e-07
Soviet Union,1980,
East Germany,1980,
Bulgaria,1980,5.965183596723178e-06
Cuba,1980,
Italy,1980,1.3321675083780541e-06
Hungary,1980,4.533601897569668e-06
Romania,1980,2.9564585422114065e-06
France,1980,1.2160573986964863e-06
Great Britain,1980,
Poland,1980,2.1616526351711864e-06
Sweden,1980,3.0564965559490197e-06
Finland,1980,3.6937185646742097e-06
Czechoslovakia,1980,
Yugoslavia,1980,
Australia,1980,1.664310005168567e-06
Denmark,1980,2.888743660614056e-06
Brazil,1980,4.0911282439838163e-07
Ethiopia,1980,5.66721633488354e-07
Switzerland,1980,1.406221715730482e-06
Spain,1980,1.0533542352825101e-06
Austria,1980,2.07905623178827e-06
Greece,1980,1.7562933930710922e-06
Belgium,1980,7.83702635013532e-07
India,1980,6.613304926904278e-08
Zimbabwe,1980,7.383159246316533e-07
North Korea,1980,
Mongolia,1980,3.821288608219254e-06
Tanzania,1980,5.571423588899012e-07
Mexico,1980,5.23382709686225e-07
Netherlands,1980,1.2326196802507174e-06
Ireland,1980,1.8667806153481455e-06
Uganda,1980,4.173154837319909e-07
Venezuela,1980,5.407031099216546e-07
Jamaica,1980,3.6551952257683865e-06
Guyana,1980,3.370518086289024e-06
Lebanon,1980,
United States,1984,1.1543527820824683e-06
Romania,1984,4.421086791689326e-06
West Germany,1984,
China,1984,3.910853560755358e-07
Italy,1984,2.05194989927983e-06
Canada,1984,2.7334266003097043e-06
Japan,1984,1.393118981374688e-06
New Zealand,1984,5.331929201185386e-06
Yugoslavia,1984,
South Korea,1984,1.9018626812252917e-06
Great Britain,1984,
France,1984,1.8468751267968594e-06
Netherlands,1984,2.866034156518755e-06
Australia,1984,2.841722427442153e-06
Finland,1984,5.266560106925274e-06
Sweden,1984,4.360206023353016e-06
Mexico,1984,7.729062574862046e-07
Morocco,1984,8.900503347029249e-07
Brazil,1984,6.821850703130809e-07
Spain,1984,1.18465056892889e-06
Belgium,1984,2.2225880235157774e-06
Austria,1984,2.1872899694591682e-06
Kenya,1984,9.364941472370424e-07
Portugal,1984,2.091782412974789e-06
Pakistan,1984,
Switzerland,1984,3.435126164355873e-06
Denmark,1984,3.831871851566165e-06
Jamaica,1984,4.464465530367391e-06
Norway,1984,2.7999855648601137e-06
Greece,1984,1.6999844929587412e-06
Nigeria,1984,3.531343019781923e-07
Puerto Rico,1984,3.081186432762479e-06
Colombia,1984,4.599126325231565e-07
Egypt,1984,3.110470906337019e-07
Ireland,1984,1.4385772479971761e-06
Ivory Coast,1984,6.268988513714671e-07
Peru,1984,5.785466419659947e-07
Syria,1984,
Thailand,1984,3.8993694505575615e-07
Turkey,1984,6.879050491243185e-07
Venezuela,1984,1.3208325396081804e-06
Algeria,1984,7.856620280747903e-07
Cameroon,1984,6.694943909443511e-07
Chinese Taipei,1984,
Dominican Republic,1984,1.0323078913742374e-06
Iceland,1984,5.87156724847532e-06
Zambia,1984,8.013060588051051e-07
Soviet Union,1988,
East Germany,1988,
United States,1988,1.243158222660179e-06
South Korea,1988,2.7343982416707136e-06
West Germany,1988,
Hungary,1988,6.147350156436411e-06
Bulgaria,1988,8.531991248752615e-06
Romania,1988,4.357424399144451e-06
France,1988,1.8979922503698473e-06
Italy,1988,1.9410999048284224e-06
China,1988,4.6002056974327476e-07
Great Britain,1988,
Kenya,1988,1.8998713598510716e-06
Japan,1988,1.3178602085314841e-06
Australia,1988,2.920068497151282e-06
Yugoslavia,1988,
Czechoslovakia,1988,
New Zealand,1988,6.916430494437372e-06
Canada,1988,2.1030623653617224e-06
Poland,1988,2.613054731217783e-06
Norway,1988,4.4201696714784045e-06
Netherlands,1988,3.054267860816915e-06
Denmark,1988,3.870983474909127e-06
Brazil,1988,7.379202729472905e-07
Finland,1988,4.036280820060873e-06
Spain,1988,1.2997016876614075e-06
Turkey,1988,6.658499774314338e-07
Morocco,1988,1.371780005158357e-06
Austria,1988,1.335781000796751e-06
Portugal,1988,1.2774544043391717e-06
Suriname,1988,6.166267879599995e-06
Sweden,1988,4.417463675470192e-06
Switzerland,1988,3.0732746096245474e-06
Jamaica,1988,4.321329341051718e-06
Argentina,1988,9.420056796366216e-07
Chile,1988,9.239252565824076e-07
Costa Rica,1988,1.9028632104942562e-06
Indonesia,1988,2.3101645933350025e-07
Iran,1988,4.2398087620016264e-07
Netherlands Antilles,1988,
Peru,1988,7.066384642215705e-07
Senegal,1988,1.0430832723761996e-06
Virgin Islands,1988,
Belgium,1988,1.8530540680664139e-06
Mexico,1988,5.32975676069342e-07
Colombia,1988,5.617385578764882e-07
Djibouti,1988,4.5419034868404445e-06
Greece,1988,1.3100409300438214e-06
Mongolia,1988,2.4551547203847684e-06
Pakistan,1988,
Philippines,1988,3.767274390864861e-07
Thailand,1988,4.7627006019965125e-07
Unified Team,1992,
United States,1992,1.5642337652627504e-06
Germany,1992,3.1655184024764713e-06
China,1992,6.686676740411936e-07
Cuba,1992,
Spain,1992,3.0926755129786743e-06
South Korea,1992,3.2212600561995965e-06
Hungary,1992,8.113052220458276e-06
France,1992,2.782953108269246e-06
Australia,1992,4.388608827182841e-06
Canada,1992,3.154157640117545e-06
Italy,1992,2.622726907966281e-06
Great Britain,1992,
Romania,1992,4.86840940227388e-06
Czechoslovakia,1992,
North Korea,1992,
Japan,1992,1.863706562778423e-06
Bulgaria,1992,8.239082893080302e-06
Poland,1992,3.3746685349980518e-06
Netherlands,1992,4.491958986232339e-06
Kenya,1992,2.214327490717222e-06
Norway,1992,6.265631428046041e-06
Turkey,1992,1.4405011732744426e-06
Indonesia,1992,7.293837225259245e-07
Brazil,1992,6.420975485490339e-07
Greece,1992,2.5360788522030225e-06
Sweden,1992,5.569299837923549e-06
New Zealand,1992,7.67577613689982e-06
Finland,1992,5.4883999465841455e-06
Denmark,1992,5.716481066362788e-06
Morocco,1992,1.675495881889389e-06
Ireland,1992,3.4014960554304187e-06
Ethiopia,1992,8.894626368843197e-07
Algeria,1992,1.1720700174809014e-06
Estonia,1992,7.384334526309228e-06
Lithuania,1992,4.967372721716001e-06
Switzerland,1992,1.6166332166117894e-06
Jamaica,1992,7.732252679091975e-06
Nigeria,1992,7.717692536793906e-07
Latvia,1992,7.929632852006945e-06
Austria,1992,2.585908477822835e-06
Namibia,1992,5.2087324424057105e-06
South Africa,1992,9.897392156930636e-07
Belgium,1992,2.855998610347475e-06
Croatia,1992,5.366485660420679e-06
Independent Olympic Participants,1992,
Iran,1992,1.0357028231960882e-06
Israel,1992,2.550778964617671e-06
Chinese Taipei,1992,
Mexico,1992,4.1072136437750494e-07
Peru,1992,8.630901692222925e-07
Mongolia,1992,4.752878953977383e-06
Slovenia,1992,5.797765511006838e-06
Argentina,1992,7.259277962647112e-07
Bahamas,1992,8.984371235412114e-06
Colombia,1992,6.861090239552588e-07
Ghana,1992,9.059072249055206e-07
Malaysia,1992,8.322875312772623e-07
Pakistan,1992,
Philippines,1992,4.6013593317485143e-07
Puerto Rico,1992,2.9001254075984927e-06
Qatar,1992,2.907473658021179e-06
Suriname,1992,7.531496595697895e-06
Thailand,1992,5.81717565156964e-07
United States,1996,1.8835280751390054e-06
Russia,1996,2.859228082967891e-06
Germany,1996,3.665841116556732e-06
China,1996,8.013237622830174e-07
France,1996,3.6353500677491238e-06
Italy,1996,3.8319397688972865e-06
Australia,1996,6.012499194659545e-06
Cuba,1996,
Ukraine,1996,4.666156510932692e-06
South Korea,1996,3.854645961951402e-06
Poland,1996,3.976863873040539e-06
Hungary,1996,8.919683922357736e-06
Spain,1996,3.482097707105163e-06
Romania,1996,6.14840701761495e-06
Netherlands,1996,5.928055001810277e-06
Greece,1996,6.1951474099849e-06
Czech Republic,1996,6.710540171256925e-06
Switzerland,1996,5.9236808091089605e-06
Denmark,1996,6.982125741425899e-06
Turkey,1996,1.759432106170365e-06
Canada,1996,4.102473051160774e-06
Bulgaria,1996,9.847907086773904e-06
Japan,1996,1.9660164071259426e-06
Kazakhstan,1996,4.862486663894441e-06
Brazil,1996,1.5685194336113473e-06
New Zealand,1996,7.608057182710577e-06
South Africa,1996,1.971582390281299e-06
Ireland,1996,6.086374101984434e-06
Sweden,1996,5.827135939423511e-06
Norway,1996,7.65285950783048e-06
Belgium,1996,4.8964825896707145e-06
Nigeria,1996,1.1397114854288406e-06
North Korea,1996,
Algeria,1996,1.8064396494638188e-06
Ethiopia,1996,1.0863921179709257e-06
Great Britain,1996,
Belarus,1996,8.658895596389904e-06
Kenya,1996,2.704585704631903e-06
Jamaica,1996,1.1418616567821917e-05
Finland,1996,6.021423413982571e-06
FR Yugoslavia,1996,
Indonesia,1996,8.00220149285732e-07
Iran,1996,1.265010284885977e-06
Slovakia,1996,5.398129467161876e-06
Armenia,1996,6.237378706506849e-06
Croatia,1996,5.194429609763567e-06
Portugal,1996,3.0205233145467045e-06
Thailand,1996,1.126133986439845e-06
Burundi,1996,1.9856880819448006e-06
Costa Rica,1996,2.8387383336482903e-06
Ecuador,1996,1.4958430611577527e-06
Hong Kong,1996,2.2336841776099387e-06
Syria,1996,
Argentina,1996,1.7733004251657042e-06
Namibia,1996,6.361960171672693e-06
Slovenia,1996,7.081406786309659e-06
Austria,1996,3.985502175257133e-06
Malaysia,1996,1.611206763558083e-06
Moldova,1996,6.259188449564297e-06
Uzbekistan,1996,1.6886515639942335e-06
Azerbaijan,1996,2.015658975396565e-06
Bahamas,1996,1.0973535807267247e-05
Chinese Taipei,1996,
Latvia,1996,4.842637718319388e-06
Philippines,1996,5.620112979083671e-07
Tonga,1996,2.4962606002375457e-05
Zambia,1996,1.4600748346156051e-06
Georgia,1996,5.4536999394883084e-06
Morocco,1996,1.6217774481560648e-06
Trinidad and Tobago,1996,8.719686083925907e-06
India,1996,1.4718180787426354e-07
Israel,1996,1.965679605305112e-06
Lithuania,1996,3.827953494390536e-06
Mexico,1996,5.016562072859927e-07
Mongolia,1996,3.6626604484005443e-06
Mozambique,1996,1.1580647893182132e-06
Puerto Rico,1996,3.542221171851186e-06
Tunisia,1996,1.8767629496740743e-06
Uganda,1996,9.287526891391782e-07
United States,2000,2.2599182339138542e-06
Russia,2000,3.7785496256952246e-06
China,2000,1.0150107128264559e-06
Australia,2000,8.01144720472543e-06
Germany,2000,4.32079386276473e-06
France,2000,4.471933627474555e-06
Italy,2000,4.643548545884249e-06
Netherlands,2000,7.874664705322232e-06
Cuba,2000,
Great Britain,2000,
Romania,2000,8.129578596482542e-06
South Korea,2000,4.757655771827726e-06
Hungary,2000,1.0187253108152758e-05
Poland,2000,4.550955906488929e-06
Japan,2000,2.610909880225041e-06
Bulgaria,2000,1.1448964564307549e-05
Greece,2000,9.088347358299671e-06
Sweden,2000,8.308419046783876e-06
Norway,2000,1.077869375039676e-05
Ethiopia,2000,2.1031221333626232e-06
Ukraine,2000,5.6992564324602245e-06
Kazakhstan,2000,4.969972172598462e-06
Belarus,2000,1.1025280623856667e-05
Canada,2000,4.32768199106944e-06
Spain,2000,3.656421237697949e-06
Turkey,2000,1.9787381829888076e-06
Iran,2000,1.7937905164522688e-06
Czech Republic,2000,7.247375222054364e-06
Kenya,2000,3.126309080954534e-06
Denmark,2000,8.527987638398715e-06
Finland,2000,7.354583165888539e-06
Austria,2000,4.867903349512419e-06
Lithuania,2000,1.2085922264802929e-05
Azerbaijan,2000,4.923862864119333e-06
Bahamas,2000,2.680621380353121e-05
Slovenia,2000,8.649249780452762e-06
Switzerland,2000,8.011604804528408e-06
Indonesia,2000,1.181726391229629e-06
Slovakia,2000,8.521703987661406e-06
Mexico,2000,1.7201345099234865e-06
Nigeria,2000,9.917141155699209e-07
Algeria,2000,2.851718184595344e-06
Uzbekistan,2000,3.0215425738806224e-06
FR Yugoslavia,2000,
Latvia,2000,1.1829622131851547e-05
New Zealand,2000,7.68571204133542e-06
Estonia,2000,1.39008116810094e-05
Thailand,2000,1.735641261505808e-06
Croatia,2000,6.344490652434077e-06
Cameroon,2000,1.4899871684427907e-06
Colombia,2000,1.0235543872110013e-06
Mozambique,2000,1.4144635278014417e-06
Brazil,2000,1.7723200175976426e-06
Jamaica,2000,1.650309089591052e-05
Belgium,2000,5.506809287236682e-06
South Africa,2000,2.4080961694295993e-06
Argentina,2000,2.5145483190832183e-06
Chinese Taipei,2000,
Morocco,2000,3.230616516999195e-06
North Korea,2000,
Moldova,2000,7.64499003614211e-06
Saudi Arabia,2000,1.9475863300139197e-06
Trinidad and Tobago,2000,1.0650248633197955e-05
Ireland,2000,3.201612544215775e-06
Sri Lanka,2000,
Uruguay,2000,4.292959553948449e-06
Vietnam,2000,7.355334924322901e-07
Georgia,2000,1.1798545359759586e-05
Costa Rica,2000,5.495449867098931e-06
Portugal,2000,3.6892755074744432e-06
Armenia,2000,4.8066446697323345e-06
Barbados,2000,1.6497441494612507e-05
Chile,2000,1.6835015801744298e-06
Iceland,2000,1.306741322587773e-05
India,2000,1.797682660886257e-07
Israel,2000,2.400886491578858e-06
Kuwait,2000,3.4649756449817713e-06
Kyrgyzstan,2000,3.1749580442327684e-06
Macedonia,2000,
Qatar,2000,4.337441010777404e-06
United States,2004,2.809893701193091e-06
China,2004,1.2644692603024846e-06
Russia,2004,4.626463956406562e-06
Australia,2004,9.435527032756084e-06
Japan,2004,3.939685086825868e-06
Germany,2004,5.106397225239266e-06
France,2004,5.257477865911026e-06
Italy,2004,5.577778124120732e-06
South Korea,2004,5.926104602532826e-06
Great Britain,2004,
Cuba,2004,
Hungary,2004,1.244273904437354e-05
Ukraine,2004,6.867866574864241e-06
Romania,2004,9.025353506485317e-06
Greece,2004,1.191720109250336e-05
Brazil,2004,2.0237294689206053e-06
Norway,2004,1.0683599540341044e-05
Netherlands,2004,9.256206247241326e-06
Sweden,2004,8.227070331622726e-06
Spain,2004,5.471724466664126e-06
Canada,2004,5.006524208318169e-06
Turkey,2004,3.2344298311194225e-06
Poland,2004,4.9219253743773025e-06
New Zealand,2004,1.0450774720003323e-05
Thailand,2004,3.3599889876483605e-06
Belarus,2004,1.2295428491014128e-05
Austria,2004,8.918505866327397e-06
Ethiopia,2004,2.4310598893677533e-06
Iran,2004,2.648983027384596e-06
Slovakia,2004,1.1303902829078872e-05
Chinese Taipei,2004,
Georgia,2004,1.191897221117351e-05
Bulgaria,2004,1.3591114699605664e-05
Denmark,2004,1.1761348632030376e-05
Jamaica,2004,1.5685133076495712e-05
Uzbekistan,2004,4.108592746735107e-06
Morocco,2004,3.0529525463675317e-06
Argentina,2004,3.7133632705138426e-06
Chile,2004,4.112466946784105e-06
Kazakhstan,2004,6.414171768176664e-06
Kenya,2004,3.818482534339053e-06
Czech Republic,2004,9.276430255491275e-06
South Africa,2004,3.1943007104826007e-06
Croatia,2004,1.2638365588943694e-05
Lithuania,2004,1.142127112870801e-05
Egypt,2004,2.1856210901218215e-06
Switzerland,2004,7.614518292840519e-06
Indonesia,2004,1.1937881822546393e-06
Zimbabwe,2004,4.902590391390867e-06
Azerbaijan,2004,7.773007679625807e-06
Belgium,2004,5.2039687618033025e-06
Bahamas,2004,2.5946774018920997e-05
Israel,2004,4.6478223070704955e-06
Cameroon,2004,1.8198744371592859e-06
Dominican Republic,2004,2.806103782497464e-06
United Arab Emirates,2004,2.7061441364294667e-06
North Korea,2004,
Latvia,2004,1.6774459660019167e-05
Mexico,2004,1.737691791496945e-06
Portugal,2004,5.686054122279584e-06
Finland,2004,6.131788757200497e-06
Serbia and Montenegro,2004,
Slovenia,2004,1.547629896007066e-05
Estonia,2004,1.6978489727849987e-05
Hong Kong,2004,3.332265222889036e-06
India,2004,2.1956945603031876e-07
Paraguay,2004,3.7537172483451994e-06
Colombia,2004,1.98147597983722e-06
Nigeria,2004,9.599185560728894e-07
Venezuela,2004,2.845320790888721e-06
Eritrea,2004,
Mongolia,2004,5.464047315997782e-06
Syria,2004,
Trinidad and Tobago,2004,8.207287585517526e-06
China,2008,1.7138527566157385e-06
United States,2008,3.5080100973636548e-06
Russia,2008,5.149711860142598e-06
Great Britain,2008,
Germany,2008,5.9589947407246155e-06
Australia,2008,1.1285172169606779e-05
South Korea,2008,7.369940956581567e-06
Japan,2008,4.309938414280784e-06
Italy,2008,6.492579963315112e-06
France,2008,6.891004441834375e-06
Netherlands,2008,1.0215630922389895e-05
Ukraine,2008,8.388431177215223e-06
Kenya,2008,6.354512929676853e-06
Spain,2008,6.576077691882704e-06
Jamaica,2008,2.6569138580914555e-05
Poland,2008,6.229795459063153e-06
Ethiopia,2008,2.9693032541263314e-06
Romania,2008,8.472972723865473e-06
Cuba,2008,
Canada,2008,7.258311476151757e-06
Hungary,2008,1.2608150836675619e-05
Norway,2008,1.544078595358136e-05
Brazil,2008,2.979441383574959e-06
Belarus,2008,1.5410277201236232e-05
Czech Republic,2008,1.023224209823392e-05
Slovakia,2008,1.3806618093411481e-05
New Zealand,2008,1.6403758345989214e-05
Georgia,2008,1.8809194262152143e-05
Kazakhstan,2008,8.209953980741425e-06
Denmark,2008,1.3595284101966788e-05
North Korea,2008,
Thailand,2008,3.634503448935747e-06
Mongolia,2008,1.5496089437354653e-05
Switzerland,2008,1.0793650169789899e-05
Argentina,2008,4.5355121406562765e-06
Mexico,2008,2.1224215469666554e-06
Belgium,2008,5.037123200377044e-06
Zimbabwe,2008,6.951896166535618e-06
Slovenia,2008,2.1044154798052696e-05
Azerbaijan,2008,1.0310769257814442e-05
Indonesia,2008,1.7629286162908507e-06
Bulgaria,2008,1.1596178386027916e-05
Turkey,2008,2.9519304915485146e-06
Chinese Taipei,2008,
Finland,2008,1.0971748807729246e-05
Latvia,2008,1.764772246005991e-05
Dominican Republic,2008,5.432273371520292e-06
Estonia,2008,1.643413871798123e-05
Portugal,2008,5.5037523184534055e-06
Trinidad and Tobago,2008,1.5888303947024892e-05
India,2008,5.363654784063189e-07
Iran,2008,1.8266685076510935e-06
Cameroon,2008,2.2227996570515386e-06
Panama,2008,5.533957639985928e-06
Tunisia,2008,3.4196850544774774e-06
Sweden,2008,8.658389105367963e-06
Lithuania,2008,1.8030077328405525e-05
Nigeria,2008,1.9121789772998932e-06
Croatia,2008,1.5436534588972407e-05
Colombia,2008,3.053927428440895e-06
Greece,2008,7.122120909351414e-06
Armenia,2008,1.8535916237374025e-05
Uzbekistan,2008,4.5076118366896856e-06
Austria,2008,7.262058442533292e-06
Ireland,2008,9.552489331478394e-06
Kyrgyzstan,2008,9.472961648722536e-06
Serbia,2008,9.08513892149182e-06
Algeria,2008,2.6084897949626285e-06
Bahamas,2008,3.169146135206874e-05
Morocco,2008,2.95507117833451e-06
Tajikistan,2008,6.196679768263744e-06
Chile,2008,2.5114892358223195e-06
Ecuador,2008,2.7256037641692316e-06
Iceland,2008,1.949428978464858e-05
Malaysia,2008,1.8522899651315022e-06
Samoa,2008,3.0582504056351074e-05
Singapore,2008,4.545646743129013e-06
South Africa,2008,1.3897522067914658e-06
Sudan,2008,1.7369316686633546e-06
Vietnam,2008,1.0972870299528288e-06
Egypt,2008,1.6368109183869079e-06
Afghanistan,2008,
Israel,2008,3.58170176437064e-06
Mauritius,2008,1.117306009586845e-05
Moldova,2008,7.195744343445961e-06
Togo,2008,4.174161676668674e-06
Venezuela,2008,2.192659233427106e-06
United States,2012,4.2181418301159645e-06
China,2012,2.055874989313843e-06
Great Britain,2012,
Russia,2012,6.4104115213039606e-06
South Korea,2012,8.922445390717368e-06
Germany,2012,7.412681850568127e-06
France,2012,7.97036551971016e-06
Australia,2012,1.2829195118483542e-05
Italy,2012,8.013566185176055e-06
Hungary,2012,1.8909612926488177e-05
Japan,2012,5.919288617802996e-06
Iran,2012,5.359484385873711e-06
Netherlands,2012,1.340799967973824e-05
New Zealand,2012,2.2963357929512625e-05
Ukraine,2012,9.788961857868554e-06
Cuba,2012,
Spain,2012,8.16285369805755e-06
Jamaica,2012,3.4464748753812384e-05
Czech Republic,2012,1.4934581803425142e-05
South Africa,2012,4.765336691591001e-06
North Korea,2012,
Brazil,2012,3.6390979236750075e-06
Kazakhstan,2012,1.0821663084745877e-05
Poland,2012,7.609089356473437e-06
Ethiopia,2012,3.832138378717431e-06
Croatia,2012,2.047631404049096e-05
Canada,2012,8.57388939722679e-06
Belarus,2012,1.6666440181238697e-05
Kenya,2012,7.229540753399968e-06
Denmark,2012,1.8387223576050436e-05
Romania,2012,9.345999033518585e-06
Azerbaijan,2012,1.4901942039807825e-05
Switzerland,2012,1.0203631039631016e-05
Norway,2012,1.3182167866971929e-05
Lithuania,2012,2.2021986178755657e-05
Tunisia,2012,8.353625515155804e-06
Sweden,2012,1.296852952907643e-05
Colombia,2012,6.19552110760804e-06
Mexico,2012,3.5390831230495497e-06
Georgia,2012,2.1498351317278142e-05
Ireland,2012,1.637731808766829e-05
Argentina,2012,4.581805766691884e-06
Serbia,2012,1.288276959700162e-05
Slovenia,2012,2.308792501671332e-05
Trinidad and Tobago,2012,2.842930289842505e-05
Turkey,2012,2.7895925324012217e-06
Dominican Republic,2012,6.63499367905493e-06
Chinese Taipei,2012,
Latvia,2012,1.7081915035665773e-05
Algeria,2012,2.010152687366658e-06
Bahamas,2012,2.4422053069350893e-05
Bahrain,2012,1.1618043971807013e-05
Grenada,2012,5.0178320956755435e-05
Uganda,2012,2.066977122126683e-06
Venezuela,2012,2.6781200354132307e-06
Egypt,2012,2.928782929973097e-06
India,2012,9.195747565148202e-07
Mongolia,2012,2.1071065228548144e-05
Thailand,2012,3.67160054806639e-06
Bulgaria,2012,1.0958460140803174e-05
Finland,2012,1.1542927866809018e-05
Indonesia,2012,1.5340033121276673e-06
Slovakia,2012,1.3947541189858175e-05
Belgium,2012,7.763409124611829e-06
Armenia,2012,1.38815415978384e-05
Estonia,2012,2.007270235812911e-05
Malaysia,2012,3.5858065965624e-06
Puerto Rico,2012,1.249482711998067e-05
Qatar,2012,1.2526486136664991e-05
Botswana,2012,9.580469888198187e-06
Cyprus,2012,1.2800246261120802e-05
Gabon,2012,9.554476481188044e-06
Guatemala,2012,3.3174519491181578e-06
Montenegro,2012,1.9858578400390458e-05
Portugal,2012,4.24129798587082e-06
Uzbekistan,2012,4.742273924994469e-06
Greece,2012,6.89377705948275e-06
Singapore,2012,8.799815570990913e-06
Afghanistan,2012,
Cameroon,2012,2.714933631960229e-06
Hong Kong,2012,4.971155558596957e-06
Kuwait,2012,6.313597265616516e-06
Morocco,2012,2.277235004698945e-06
Saudi Arabia,2012,2.239001658201533e-06
Tajikistan,2012,4.775281280755181e-06
Vietnam,2012,1.340229404877766e-06
United States,2016,5.3181709934192545e-06
Great Britain,2016,
China,2016,2.3615164353388307e-06
Russia,2016,7.555719377457045e-06
Germany,2016,8.945741105183672e-06
Japan,2016,7.376083411415646e-06
France,2016,1.0217717043239187e-05
South Korea,2016,9.719687440918654e-06
Italy,2016,9.787791841273105e-06
Australia,2016,1.4872378813471286e-05
Netherlands,2016,1.6114124189526632e-05
Hungary,2016,2.174825564801681e-05
Brazil,2016,4.606827297765788e-06
Spain,2016,9.465322922142873e-06
Kenya,2016,8.830181016434074e-06
Jamaica,2016,3.963649713006187e-05
Croatia,2016,3.081896902460171e-05
Cuba,2016,
New Zealand,2016,3.129305945443629e-05
Canada,2016,1.115167794671327e-05
Uzbekistan,2016,1.1026530945731673e-05
Colombia,2016,7.220969270767207e-06
Switzerland,2016,1.6102233900992463e-05
Iran,2016,5.450138388234847e-06
Greece,2016,1.4914011082173444e-05
Argentina,2016,5.59623020079164e-06
Denmark,2016,2.7042374126351704e-05
Sweden,2016,1.791369855030428e-05
South Africa,2016,7.172324257164974e-06
Kazakhstan,2016,1.5374341795590907e-05
Ukraine,2016,9.91750921770526e-06
Serbia,2016,2.148168563594053e-05
Poland,2016,9.293762727083848e-06
North Korea,2016,
Belgium,2016,1.3310019646867993e-05
Thailand,2016,5.422042008784725e-06
Slovakia,2016,1.7035565278845355e-05
Georgia,2016,2.806002054301104e-05
Azerbaijan,2016,2.3274943530525447e-05
Belarus,2016,1.9547319945869942e-05
Turkey,2016,5.400309612806955e-06
Armenia,2016,2.4838557475855214e-05
Czech Republic,2016,1.7602408507960222e-05
Ethiopia,2016,4.680584385416912e-06
Slovenia,2016,2.8199655295608838e-05
Indonesia,2016,1.8736358764595688e-06
Romania,2016,8.835113639469379e-06
Bahrain,2016,2.2491110731844835e-05
Vietnam,2016,2.5945200435053965e-06
Chinese Taipei,2016,
Bahamas,2016,4.727810474935996e-05
Independent Olympic Athletes,2016,
Ivory Coast,2016,4.9213883480409715e-06
Fiji,2016,2.039925161431092e-05
Jordan,2016,5.263512695259427e-06
Kosovo,2016,
Puerto Rico,2016,9.628755443825984e-06
Singapore,2016,6.781308078152466e-06
Tajikistan,2016,5.832541727305007e-06
Malaysia,2016,7.143005984446509e-06
Mexico,2016,3.5249658963246123e-06
Venezuela,2016,6.542126395875464e-06
Algeria,2016,3.891409499670463e-06
Ireland,2016,1.1293364616256148e-05
Lithuania,2016,2.416072161098415e-05
Bulgaria,2016,1.3384693441165281e-05
India,2016,6.341143868388653e-07
Mongolia,2016,1.5780113846818692e-05
Burundi,2016,5.397659830138249e-06
Grenada,2016,6.128793961642735e-05
Niger,2016,3.59313142300942e-06
Philippines,2016,1.5277050984929976e-06
Qatar,2016,9.653152494406851e-06
Norway,2016,1.6100736191249877e-05
Egypt,2016,3.081252650844984e-06
Tunisia,2016,1.020314124484847e-05
Israel,2016,8.46888440658754e-06
Austria,2016,5.416859070142732e-06
Dominican Republic,2016,5.113054457935549e-06
Estonia,2016,1.54684126676763e-05
Finland,2016,7.049281966882211e-06
Morocco,2016,2.7814211157181787e-06
Nigeria,2016,1.103550176782284e-06
Portugal,2016,5.180333058121793e-06
Trinidad and Tobago,2016,1.4954653009783116e-05
United Arab Emirates,2016,4.93091610755467e-06
United States,2020,6.403924207921258e-06
China,2020,3.0448176941793542e-06
Japan,2020,9.828376007217678e-06
Great Britain,2020,
ROC,2020,
Australia,2020,2.0562924375884262e-05
Netherlands,2020,2.3723579646986733e-05
France,2020,1.1700732171228222e-05
Germany,2020,1.0567252131239027e-05
Italy,2020,1.318421282002217e-05
Canada,2020,1.398290265924907e-05
Brazil,2020,5.805809740072678e-06
New Zealand,2020,3.952060117672782e-05
Cuba,2020,
Hungary,2020,2.9168698573587197e-05
South Korea,2020,1.1692985335949896e-05
Poland,2020,1.2370780742727217e-05
Czech Republic,2020,2.227977798329353e-05
Kenya,2020,9.799634766077992e-06
Norway,2020,2.6847561835472046e-05
Jamaica,2020,4.4860052095761476e-05
Spain,2020,1.1560971523981983e-05
Sweden,2020,2.0274482065291483e-05
Switzerland,2020,2.49601468568211e-05
Denmark,2020,2.9602496549988842e-05
Croatia,2020,3.449222730267964e-05
Iran,2020,6.299973081428571e-06
Serbia,2020,2.749593507533399e-05
Belgium,2020,1.737246820498428e-05
Bulgaria,2020,2.2947461586744937e-05
Slovenia,2020,3.8344950095859955e-05
Uzbekistan,2020,9.14384131636627e-06
Georgia,2020,3.621384292124484e-05
Chinese Taipei,2020,
Turkey,2020,7.922311828198135e-06
Greece,2020,1.5066237254283117e-05
Uganda,2020,7.1598220577461305e-06
Ecuador,2020,9.932747722215793e-06
Ireland,2020,2.020747365410398e-05
Israel,2020,1.5153567102529489e-05
Qatar,2020,2.35807741632185e-05
Bahamas,2020,5.774560754145368e-05
Kosovo,2020,
Ukraine,2020,1.4603415063836683e-05
Belarus,2020,2.1561409351337318e-05
Romania,2020,1.0791232167906435e-05
Venezuela,2020,9.2767659097817e-06
India,2020,1.4659824331269052e-06
Hong Kong,2020,2.081960417009398e-05
Philippines,2020,4.332585988199338e-06
Slovakia,2020,2.0807286418399336e-05
South Africa,2020,5.064587247757857e-06
Austria,2020,1.9848499826511794e-05
Egypt,2020,5.282670623359863e-06
Indonesia,2020,2.9577968474041753e-06
Ethiopia,2020,4.1875379423230625e-06
Portugal,2020,1.4691473140964437e-05
Tunisia,2020,9.876016139524382e-06
Estonia,2020,2.9944953126259175e-05
Fiji,2020,3.949045364414054e-05
Latvia,2020,2.548322273321596e-05
Thailand,2020,3.7388965056476997e-06
Bermuda,2020,
Morocco,2020,3.39723542234312e-06
Puerto Rico,2020,1.1760588456738808e-05
Colombia,2020,7.192165183147646e-06
Azerbaijan,2020,2.007667042403984e-05
Dominican Republic,2020,1.614334625665349e-05
Armenia,2020,3.0337882609729464e-05
Kyrgyzstan,2020,1.7260861515515608e-05
Mongolia,2020,2.8235715896336698e-05
Argentina,2020,5.88756475068857e-06
San Marino,2020,0.0002748821798857585
Jordan,2020,1.0189516165959065e-05
Malaysia,2020,5.349394841716776e-06
Nigeria,2020,2.1363380345596075e-06
Bahrain,2020,1.7332084935423982e-05
Lithuania,2020,1.2709253176174522e-05
Namibia,2020,1.3326783200319078e-05
North Macedonia,2020,1.702211013075027e-05
Saudi Arabia,2020,3.340197971764805e-06
Turkmenistan,2020,7.84711849651933e-06
Kazakhstan,2020,1.4275001792458068e-05
Mexico,2020,3.867304203081851e-06
Finland,2020,1.364654684401967e-05
Botswana,2020,1.4292381594222556e-05
Burkina Faso,2020,4.672086811478731e-06
Ghana,2020,3.673634948401219e-06
Grenada,2020,7.48572584894583e-05
Ivory Coast,2020,3.7925170466427853e-06
Kuwait,2020,9.41878033180711e-06
Moldova,2020,1.3111501050996546e-05
Syria,2020,
United States,2024,8.000112534454079e-06
China,2024,3.7371135929957397e-06
Japan,2024,1.1271647339294144e-05
Australia,2024,2.602128233508079e-05
France,2024,1.6917569176819714e-05
Netherlands,2024,2.853012172986658e-05
Great Britain,2024,
South Korea,2024,1.6402105239445207e-05
Italy,2024,1.610323390254575e-05
Germany,2024,1.2512220477252921e-05
New Zealand,2024,4.827057128140341e-05
Canada,2024,1.7680056781156816e-05
Uzbekistan,2024,1.644965119414826e-05
Hungary,2024,3.505579075840406e-05
Spain,2024,1.4384742141070047e-05
Sweden,2024,2.6724097923444544e-05
Kenya,2024,1.2403625720130667e-05
Norway,2024,3.279168607572127e-05
Ireland,2024,3.188918396428922e-05
Brazil,2024,6.984509385372638e-06
Iran,2024,9.491386729233048e-06
Ukraine,2024,1.5271761114245658e-05
Romania,2024,1.885694758296292e-05
Georgia,2024,4.1860631662385276e-05
Belgium,2024,2.4468306817658404e-05
Bulgaria,2024,2.995142436883123e-05
Serbia,2024,2.6133128844740878e-05
Czech Republic,2024,1.9621824420036528e-05
Denmark,2024,3.35037057649051e-05
Azerbaijan,2024,2.4521700630594968e-05
Croatia,2024,3.9870566221672586e-05
Cuba,2024,
Bahrain,2024,4.915395544046681e-05
Slovenia,2024,3.623621448708168e-05
Chinese Taipei,2024,
Austria,2024,2.0889092681655773e-05
Hong Kong,2024,2.103210827983279e-05
Philippines,2024,5.291832475952776e-06
Algeria,2024,7.325474006612585e-06
Indonesia,2024,2.7951362748891324e-06
Israel,2024,2.391367161078163e-05
Poland,2024,1.3379180306201305e-05
Kazakhstan,2024,1.650088871577388e-05
Jamaica,2024,4.63047735272435e-05
South Africa,2024,8.683009575938673e-06
Thailand,2024,8.088736180353538e-06
Ethiopia,2024,5.1146703926537516e-06
Switzerland,2024,2.538233993533002e-05
Ecuador,2024,1.5680234493772435e-05
Portugal,2024,1.794420581581002e-05
Greece,2024,2.512256157156864e-05
Argentina,2024,7.191087825337612e-06
Egypt,2024,4.59668880420318e-06
Tunisia,2024,1.522129810258724e-05
Botswana,2024,2.7668300949582607e-05
Chile,2024,8.859024406681116e-06
Saint Lucia,2024,0.0001137383541415185
Uganda,2024,5.969409197909288e-06
Dominican Republic,2024,1.52555618414661e-05
Guatemala,2024,9.580767956595849e-06
Morocco,2024,6.576631853991916e-06
Dominica,2024,0.00012574906094325587
Pakistan,2024,
Turkey,2024,8.056315255294982e-06
Mexico,2024,5.258631182480254e-06
Armenia,2024,3.705477349626302e-05
Colombia,2024,7.890655246068356e-06
Kyrgyzstan,2024,2.9592979347828397e-05
North Korea,2024,
Lithuania,2024,3.604356121210134e-05
India,2024,1.6755744522101785e-06
Moldova,2024,3.71843399579182e-05
Kosovo,2024,
Cyprus,2024,2.3323569362016535e-05
Fiji,2024,3.043210737162758e-05
Jordan,2024,7.852238235136381e-06
Mongolia,2024,1.485282052891719e-05
Panama,2024,1.2316049224332267e-05
Tajikistan,2024,1.7402259597633768e-05
Albania,2024,2.6104642244806724e-05
Grenada,2024,0.0001449144876585345
Malaysia,2024,6.533765614160654e-06
Puerto Rico,2024,2.2767059402945976e-05
Cabo Verde,2024,
Ivory Coast,2024,4.63219078113896e-06
Peru,2024,4.274913593334682e-06
Qatar,2024,1.4400811301253574e-05
Refugee Olympic Team,2024,
Singapore,2024,1.0116522873302106e-05
Slovakia,2024,1.0945247218129051e-05
Zambia,2024,5.920895420923946e-06
